grower_id,Delivered,Bog,LotID,GTL,Rot,Debris,Color,Variety,GTL ,Lot Pack Out,Pack Out %,"Useable 
w 3 % Allow"
,Alle02,,,,,,,,,,,
,,,,,,,,,,,,
,,,,,,,,,,,,
,10/19/2017,C-7,"4,706",6374,3.41,0,21,ST,"52,080","49,891",95.80%,"49,686"
,,,,,,,,,,,,
,10/19/2017,C-3,"4,712",6382,1.97,0,25,ST,"26,860","25,745",95.85%,"25,745"
,,,,,,,,,,,,
,10/19/2017,C-3,"4,717",6388,2.54,0,30,ST,"51,240","48,750",95.14%,"48,750"
,,,,,,,,,,,,
,10/20/2017,C-1,"4,726",6399,0.97,0,30,EB,"52,580","49,833",94.78%,"49,833"
,,,,,,,,,,,,
,10/20/2017,C-3,"4,729",6402,4.41,0,23,EB,"20,740","19,605",94.53%,"19,329"
,,,,,,,,,,,,
,10/20/2017,C-2,"4,737",6413,3.61,0,28,EB,"52,180","49,987",95.80%,"49,682"
,,,,,,,,,,,,
,10/21/2017,C-5,"4,746",6425,4,0,20,EB,"51,120","46,565",91.09%,"46,099"
,,,,,,,,,,,,
,10/21/2017,C-4,"4,754",6434,1.95,0,24,HO,"28,580","25,996",90.96%,"25,996"
,,,,,,,,,,,,
,10/23/2017,C-8,"4,761",6448,3.4,0,27,HO,"52,920","49,000",92.59%,"48,804"
,,,,,,,,,,,,
,Ande01,,,,,,,,,,,
,,,,,,,,,,,,
,,,,,,,,,,,,
,10/24/2017,A-4,,,,,,ST,,,,
,,,,,,,,,,,,
,,,,,,,,,,,,
,Beat01,,,,,,,,,,,
,,,,,,,,,,,,
,,,,,,,,,,,,
,10/9/2017,Corwin,"4,519",6140,1.2,0,42,EB,"28,040","25,684",91.60%,"25,684"
,,,,,,,,,,,,
,10/28/2017,Lowspl,"4,839",6543,5.06,0,27,HO,"24,100","20,749",86.10%,"20,322"
,,,,,,,,,,,,
,11/4/2017,Upspl,"4,893",6621,12.4,0,32,HO,"3,320","2,609",78.58%,"2,364"
,,,,,,,,,,,,
,Bett01,,,,,,,,,,,
,,,,,,,,,,,,
,,,,,,,,,,,,
,10/27/2017,5,"4,824",6522,5.67,0,22,ST,"51,200","46,898",91.60%,"45,646"
,,,,,,,,,,,,
,10/27/2017,5,"4,826",6525,1.83,0,28,ST,"51,400","48,081",93.54%,"48,081"
,,,,,,,,,,,,
,10/27/2017,5,"4,827",6527,6.8,0,24,ST,"51,280","45,525",88.78%,"43,795"
,,,,,,,,,,,,
,10/27/2017,5,"4,831",6531,3.3,0,32,ST,"52,920","49,438",93.42%,"49,438"
,,,,,,,,,,,,
,10/28/2017,4,"4,835",6536,6.53,0,35,ST,"44,740","40,967",91.57%,"39,521"
,,,,,,,,,,,,
,10/28/2017,4,"4,835",6539,6.53,0,35,ST,"51,640","47,286",91.57%,"45,616"
,,,,,,,,,,,,
,10/28/2017,3,"4,838",6542,5.84,0,30,ST,"48,940","45,613",93.20%,"44,318"
,,,,,,,,,,,,
,10/28/2017,3,"4,838",6544,5.84,0,30,ST,"47,600","44,365",93.20%,"43,105"
,,,,,,,,,,,,
,10/28/2017,3,"4,840",6546,4.97,0,34,ST,"49,880","45,606",91.43%,"44,708"
,,,,,,,,,,,,
,10/28/2017,3,"4,840",6547,4.97,0,34,ST,"39,660","36,262",91.43%,"35,547"
,,,,,,,,,,,,
,10/30/2017,9,"4,844",6548,6.73,0,25,HO,"52,240","47,020",90.01%,"45,267"
,,,,,,,,,,,,
,10/30/2017,9,"4,844",6549,6.73,0,25,HO,"52,000","46,804",90.01%,"45,059"
,,,,,,,,,,,,
,10/30/2017,9,"4,844",6552,6.73,0,25,HO,"25,540","22,988",90.01%,"22,131"
,,,,,,,,,,,,
,10/30/2017,9,"4,847",6550,9,0,24,HO,"51,800","43,362",83.71%,"40,760"
,,,,,,,,,,,,
,10/30/2017,9,"4,848",6551,6.81,0,32,HO,"52,240","46,270",88.57%,"44,507"
,,,,,,,,,,,,
,10/30/2017,7A,"4,849",6562,5.4,0,30,ST,"49,920","45,201",90.55%,"44,116"
,,,,,,,,,,,,
,10/30/2017,7A,"4,853",6557,4.68,0,30,ST,"49,620","46,080",92.87%,"45,306"
,,,,,,,,,,,,
,10/30/2017,7A,"4,853",6561,4.68,0,30,ST,"49,320","45,801",92.87%,"45,032"
,,,,,,,,,,,,
,10/30/2017,7A,"4,853",6564,4.68,0,30,ST,"49,020","45,523",92.87%,"44,758"
,,,,,,,,,,,,
,10/31/2017,7A,"4,853",6565,4.68,0,30,ST,"49,640","46,099",92.87%,"45,324"
,,,,,,,,,,,,
,10/31/2017,7A,"4,853",6568,4.68,0,30,ST,"25,920","24,071",92.87%,"23,666"
,,,,,,,,,,,,
,10/31/2017,10,"4,856",6570,4.35,0,27,ST,"51,520","46,817",90.87%,"46,185"
,,,,,,,,,,,,
,10/31/2017,10,"4,856",6572,4.35,0,27,ST,"50,560","45,945",90.87%,"45,324"
,,,,,,,,,,,,
,10/31/2017,10,"4,856",6574,4.35,0,27,ST,"15,860","14,412",90.87%,"14,218"
,,,,,,,,,,,,
,10/30/2017,7A,"4,859",6560,6.65,0,27,ST,"49,040","44,169",90.07%,"42,557"
,,,,,,,,,,,,
,11/1/2017,11,"4,861",6577,4.1,0,29,ST,"49,740","46,835",94.16%,"46,320"
,,,,,,,,,,,,
,11/1/2017,11,"4,863",6578,4.05,0,33,ST,"37,280","35,667",95.67%,"35,293"
,,,,,,,,,,,,
,Bett01,,,,,,,,,,,
,,,,,,,,,,,,
,,,,,,,,,,,,
,11/1/2017,1,"4,865",6583,7.21,0,28,MX,"52,400","47,539",90.72%,"45,538"
,,,,,,,,,,,,
,11/1/2017,1,"4,865",6586,7.21,0,28,MX,"51,460","46,686",90.72%,"44,721"
,,,,,,,,,,,,
,11/2/2017,1,"4,865",6588,7.21,0,28,MX,"52,700","47,811",90.72%,"45,799"
,,,,,,,,,,,,
,11/2/2017,1,"4,869",6589,7.41,0,28,MX,"51,320","46,443",90.50%,"44,395"
,,,,,,,,,,,,
,11/2/2017,1,"4,874",6594,9.9,0,29,MX,"31,260","29,065",92.98%,"27,060"
,,,,,,,,,,,,
,11/2/2017,1,"4,875",6595,6.05,0,31,MX,"29,920","26,271",87.80%,"25,470"
,,,,,,,,,,,,
,11/2/2017,8,"4,877",6597,4.36,0,34,ST,"51,220","47,034",91.83%,"46,394"
,,,,,,,,,,,,
,11/3/2017,8,"4,879",6599,4.7,0,36,ST,"59,260","55,186",93.12%,"54,248"
,,,,,,,,,,,,
,11/3/2017,8,"4,879",6600,4.7,0,36,ST,"7,560","7,040",93.12%,"6,921"
,,,,,,,,,,,,
,11/3/2017,8,"4,880",6601,4.86,0,42,ST,"50,740","46,944",92.52%,"46,071"
,,,,,,,,,,,,
,11/3/2017,6,"4,884",6606,4.19,0,22,HO,"53,420","48,011",89.87%,"47,440"
,,,,,,,,,,,,
,11/3/2017,6,"4,885",6607,4.71,0,25,HO,"54,000","47,957",88.81%,"47,137"
,,,,,,,,,,,,
,11/3/2017,6,"4,885",6611,4.71,0,25,HO,"52,760","46,855",88.81%,"46,054"
,,,,,,,,,,,,
,11/4/2017,6,"4,890",6612,7.92,0,28,HO,"52,720","45,057",85.47%,"42,840"
,,,,,,,,,,,,
,11/4/2017,6,"4,890",6613,7.92,0,28,HO,"51,520","44,032",85.47%,"41,865"
,,,,,,,,,,,,
,11/4/2017,6,"4,894",6622,5.26,0,25,HO,"57,080","50,336",88.19%,"49,198"
,,,,,,,,,,,,
,Total For Grower:,,,,,0,29,,"2,009,860","1,825,374",90.82%,"1,776,747"
,,,,,,,,,,,,
,,,,,,,,,,,,
,Bott02,,,,,,,,,,,
,,,,,,,,,,,,
,,,,,,,,,,,,
,11/24/2017,7,"4,932",6692,9.51,0,32,OE,"51,480","38,761",75.29%,"36,238"
,,,,,,,,,,,,
,11/27/2017,11,"4,934",6693,14.31,0,42,OH,"32,900","29,174",88.67%,"25,874"
,,,,,,,,,,,,
,11/27/2017,4,"4,935",6696,18.6,0,50,OS,"39,120","35,618",91.05%,"30,062"
,,,,,,,,,,,,
,11/28/2017,15,"4,936",6701,63.31,0,49,OH,"50,640","42,218",83.37%,"16,756"
,,,,,,,,,,,,
,11/27/2017,17,"4,937",6697,10.16,0,34,OH,"44,840","39,418",87.91%,"36,596"
,,,,,,,,,,,,
,11/27/2017,7,"4,938",6694,48.11,0,34,OH,"41,660","37,034",88.90%,"20,328"
,,,,,,,,,,,,
,11/27/2017,10,"4,939",6695,28.11,0,31,OB,"38,520","35,633",92.51%,"26,686"
,,,,,,,,,,,,
,Total For Grower:,,,,,0,39,,"299,160","257,856",86.19%,"192,539"
,,,,,,,,,,,,
,,,,,,,,,,,,
,Bral01,,,,,,,,,,,
,,,,,,,,,,,,
,,,,,,,,,,,,
,10/30/2017,#5A,"4,846",6558,3.16,0,40,ST,"37,880","35,936",94.87%,"35,936"
,,,,,,,,,,,,
,10/31/2017,#5A,"4,857",6571,5.76,0,30,ST,"37,840","35,730",94.42%,"34,744"
,,,,,,,,,,,,
,Total For Grower:,,,,,0,35,,"75,720","71,666",94.65%,"70,680"
,,,,,,,,,,,,
,,,,,,,,,,,,
,Cham01,,,,,,,,,,,
,,,,,,,,,,,,
,,,,,,,,,,,,
,10/24/2017,little,"4,788",6479,2.13,0,31,ST,"13,720","12,370",90.16%,"12,370"
,,,,,,,,,,,,
,Total For Grower:,,,,,0,31,,"13,720","12,370",90.16%,"12,370"
,,,,,,,,,,,,
,,,,,,,,,,,,
,Chan01,,,,,,,,,,,
,,,,,,,,,,,,
,,,,,,,,,,,,
,11/4/2017,CHAN#2,"4,892",6619,6.3,0,33,ST,"15,260","11,924",78.14%,"11,531"
,,,,,,,,,,,,
,11/8/2017,CHANEB,"4,909",6639,2.42,0,45,MX,"26,960","24,435",90.63%,"24,435"
,,,,,,,,,,,,
,11/9/2017,CHANEB,"4,909",6641,2.42,0,45,MX,"6,940","6,290",90.63%,"6,290"
,,,,,,,,,,,,
,Total For Grower:,,,,,0,42,,"49,160","42,649",86.76%,"42,256"
,,,,,,,,,,,,
,,,,,,,,,,,,
,Conw02,,,,,,,,,,,
,,,,,,,,,,,,
,,,,,,,,,,,,
,11/1/2017,4,"4,860",6575,1.62,0,37,ST,"32,620","30,980",94.97%,"30,980"
,,,,,,,,,,,,
,11/1/2017,4,"4,860",6576,1.62,0,37,ST,"30,220","28,701",94.97%,"28,701"
,,,,,,,,,,,,
,Total For Grower:,,,,,0,37,,"62,840","59,681",94.97%,"59,681"
,,,,,,,,,,,,
,,,,,,,,,,,,
,Coul01,,,,,,,,,,,
,,,,,,,,,,,,
,,,,,,,,,,,,
,10/26/2017,HARW,"4,806",6501,8.78,0,65,EB,"18,920","14,107",74.56%,"13,292"
,,,,,,,,,,,,
,Total For Grower:,,,,,0,65,,"18,920","14,107",74.56%,"13,292"
,,,,,,,,,,,,
,,,,,,,,,,,,
,Deca01,,,,,,,,,,,
,,,,,,,,,,,,
,,,,,,,,,,,,
,9/26/2017,MP10,"4,413",6007,9.51,0,59,SN,"54,180","51,058",94.24%,"47,734"
,,,,,,,,,,,,
,9/26/2017,MP10,"4,413",6008,9.51,0,59,SN,"18,820","17,736",94.24%,"16,581"
,,,,,,,,,,,,
,9/28/2017,ROUN9,"4,421",6023,2.8,0,70,GD,"8,520","8,121",95.32%,"8,121"
,,,,,,,,,,,,
,9/28/2017,C AR01,"4,426",6031,3.33,0,40,GD,"8,260","7,894",95.57%,"7,894"
,,,,,,,,,,,,
,9/29/2017,CAR02,"4,430",6038,2.9,0,47,GD,"2,100","2,026",96.48%,"2,026"
,,,,,,,,,,,,
,9/29/2017,CAR03,"4,433",6042,2.9,0,65,GD,"1,640","1,435",87.50%,"1,435"
,,,,,,,,,,,,
,9/29/2017,CAR19,"4,437",6047,0.8,0,38,EB,"33,660","31,575",93.81%,"31,575"
,,,,,,,,,,,,
,10/2/2017,CAR23,"4,443",6053,1.68,0,23,BL,"39,800","37,224",93.53%,"37,224"
,,,,,,,,,,,,
,10/2/2017,CAR23,"4,443",6058,1.68,0,23,BL,"20,980","19,622",93.53%,"19,622"
,,,,,,,,,,,,
,10/10/2017,MP6,"4,527",6154,1.65,0,26,ST,"27,320","26,028",95.27%,"26,028"
,,,,,,,,,,,,
,10/10/2017,MP3,"4,530",6158,4.16,0,26,ST,"47,480","42,343",89.18%,"41,852"
,,,,,,,,,,,,
,10/10/2017,MP3,"4,530",6161,4.16,0,26,ST,"43,740","39,008",89.18%,"38,555"
,,,,,,,,,,,,
,10/10/2017,MP3,"4,530",6162,4.16,0,26,ST,"47,600","42,450",89.18%,"41,958"
,,,,,,,,,,,,
,10/10/2017,MP3,"4,530",6164,4.16,0,26,ST,"45,620","40,685",89.18%,"40,213"
,,,,,,,,,,,,
,10/10/2017,MP3,"4,530",6167,4.16,0,26,ST,"48,120","42,914",89.18%,"42,416"
,,,,,,,,,,,,
,10/11/2017,MP3,"4,536",6169,6.56,0,23,ST,"47,480","41,818",88.08%,"40,329"
,,,,,,,,,,,,
,10/11/2017,MP3,"4,536",6177,6.56,0,23,ST,"19,340","17,034",88.08%,"16,427"
,,,,,,,,,,,,
,10/11/2017,MP5,"4,545",6183,1.9,0,26,ST,"22,480","21,828",97.10%,"21,828"
,,,,,,,,,,,,
,10/11/2017,MP4,"4,547",6187,2.43,0,29,ST,"33,660","31,634",93.98%,"31,634"
,,,,,,,,,,,,
,10/11/2017,MP3,"4,548",6172,4.29,0,26,ST,"44,820","41,453",92.49%,"40,918"
,,,,,,,,,,,,
,10/12/2017,Joll2,"4,552",6192,2.12,0,24,ST,"44,840","42,725",95.28%,"42,725"
,,,,,,,,,,,,
,10/12/2017,Joll2,"4,553",6193,0.96,0,33,ST,"41,600","39,621",95.24%,"39,621"
,,,,,,,,,,,,
,10/12/2017,Joll2,"4,559",6201,2.68,0,27,ST,"20,240","19,336",95.53%,"19,336"
,,,,,,,,,,,,
,10/12/2017,Joll3,"4,565",6209,0.91,0,30,GR,"40,300","38,302",95.04%,"38,302"
,,,,,,,,,,,,
,10/12/2017,ROUN11,"4,567",6216,1,0,27,ST,"42,220","41,276",97.76%,"41,276"
,,,,,,,,,,,,
,10/13/2017,ROUN11,"4,569",6218,1.4,0,24,ST,"27,180","26,677",98.15%,"26,677"
,,,,,,,,,,,,
,10/13/2017,ROUN11,"4,570",6219,0.7,0,26,ST,"44,040","42,846",97.29%,"42,846"
,,,,,,,,,,,,
,Deca01,,,,,,,,,,,
,,,,,,,,,,,,
,,,,,,,,,,,,
,10/13/2017,Joll1,"4,575",6224,2.55,0,25,ST,"47,360","45,570",96.22%,"45,570"
,,,,,,,,,,,,
,10/13/2017,CARM11,"4,576",6225,0.59,0,27,ST,"37,480","35,839",95.62%,"35,839"
,,,,,,,,,,,,
,10/13/2017,Joll1,"4,579",6229,2.99,0,24,ST,"45,540","42,313",92.91%,"42,313"
,,,,,,,,,,,,
,10/13/2017,CARM10,"4,580",6231,1.64,0,48,EB,"27,080","25,662",94.76%,"25,662"
,,,,,,,,,,,,
,10/13/2017,CARM09,"4,583",6235,0.35,0,35,ST,"24,400","23,799",97.54%,"23,799"
,,,,,,,,,,,,
,10/13/2017,Joll1,"4,585",6237,2.06,0,26,ST,"45,340","42,230",93.14%,"42,230"
,,,,,,,,,,,,
,10/13/2017,CARM12,"4,586",6238,1.92,0,23,ST,"33,600","32,230",95.92%,"32,230"
,,,,,,,,,,,,
,10/14/2017,ROUN1,"4,591",6244,2.41,0,28,ST,"42,520","39,529",92.97%,"39,529"
,,,,,,,,,,,,
,10/14/2017,CARM13,"4,593",6247,0.92,0,28,ST,"34,460","32,774",95.11%,"32,774"
,,,,,,,,,,,,
,10/14/2017,LP1,"4,595",6249,0.89,0,24,ST,"46,800","45,543",97.31%,"45,543"
,,,,,,,,,,,,
,10/14/2017,CARM14,"4,599",6253,1.92,0,36,ST,"19,580","18,478",94.37%,"18,478"
,,,,,,,,,,,,
,10/14/2017,LP1,"4,600",6254,2.32,0,25,ST,"44,440","41,986",94.48%,"41,986"
,,,,,,,,,,,,
,10/14/2017,LP1,"4,602",6256,0.38,0,26,ST,"20,340","19,496",95.85%,"19,496"
,,,,,,,,,,,,
,10/14/2017,ROUN6,"4,605",6259,0.2,0,20,HO,"47,200","45,646",96.71%,"45,646"
,,,,,,,,,,,,
,10/14/2017,CARM15,"4,606",6260,1.83,0,25,ST,"48,320","45,843",94.87%,"45,843"
,,,,,,,,,,,,
,10/14/2017,ROUN6,"4,608",6262,0.24,0,27,HO,"11,740","11,373",96.87%,"11,373"
,,,,,,,,,,,,
,10/14/2017,CAR08,"4,611",6265,2.44,0,35,ST,"49,060","45,209",92.15%,"45,209"
,,,,,,,,,,,,
,10/14/2017,CAR08,"4,611",6267,2.44,0,35,ST,"9,660","8,902",92.15%,"8,902"
,,,,,,,,,,,,
,10/16/2017,CAR10,"4,614",6271,2.53,0,30,ST,"48,300","45,687",94.59%,"45,687"
,,,,,,,,,,,,
,10/16/2017,CAR10,"4,615",6272,2.4,0,35,ST,"31,860","29,128",91.42%,"29,128"
,,,,,,,,,,,,
,10/16/2017,ROUN7,"4,618",6277,1.75,0,26,HO,"45,240","43,165",95.41%,"43,165"
,,,,,,,,,,,,
,10/16/2017,ROUN7,"4,618",6279,1.75,0,26,HO,"11,860","11,316",95.41%,"11,316"
,,,,,,,,,,,,
,10/16/2017,CAR09,"4,620",6280,2.3,0,26,ST,"21,900","20,857",95.24%,"20,857"
,,,,,,,,,,,,
,10/16/2017,CARM16,"4,626",6287,1.96,0,32,ST,"58,840","55,253",93.90%,"55,253"
,,,,,,,,,,,,
,10/16/2017,CARM16,"4,626",6290,1.96,0,32,ST,"33,320","31,288",93.90%,"31,288"
,,,,,,,,,,,,
,10/16/2017,LP2,"4,628",6289,1.74,0,24,ST,"46,640","44,898",96.27%,"44,898"
,,,,,,,,,,,,
,10/16/2017,LP2,"4,633",6295,2.21,0,28,ST,"44,300","41,784",94.32%,"41,784"
,,,,,,,,,,,,
,Deca01,,,,,,,,,,,
,,,,,,,,,,,,
,,,,,,,,,,,,
,10/16/2017,CAR07,"4,638",6301,2.5,0,38,ST,"58,340","56,419",96.71%,"56,419"
,,,,,,,,,,,,
,10/16/2017,LP2,"4,639",6302,1.32,0,27,ST,"29,320","27,779",94.74%,"27,779"
,,,,,,,,,,,,
,10/16/2017,CAR07,"4,640",6303,1.27,0,30,ST,"31,860","30,231",94.89%,"30,231"
,,,,,,,,,,,,
,10/17/2017,LP3,"4,642",6304,2.11,0,28,ST,"43,440","41,203",94.85%,"41,203"
,,,,,,,,,,,,
,10/17/2017,CAR25,"4,646",6308,2.5,0,36,ST,"13,720","13,411",97.75%,"13,411"
,,,,,,,,,,,,
,10/17/2017,LP3,"4,652",6313,2.66,0,33,ST,"44,220","41,958",94.88%,"41,958"
,,,,,,,,,,,,
,10/17/2017,LP3,"4,656",6319,1.47,0,26,ST,"44,580","43,058",96.59%,"43,058"
,,,,,,,,,,,,
,10/17/2017,LP3,"4,664",6327,0.76,0,31,ST,"46,740","45,418",97.17%,"45,418"
,,,,,,,,,,,,
,10/17/2017,CARM17,"4,668",6331,1.2,0,37,ST,"45,360","43,832",96.63%,"43,832"
,,,,,,,,,,,,
,10/17/2017,LP3,"4,670",6334,1.65,0,33,ST,"45,740","44,255",96.75%,"44,255"
,,,,,,,,,,,,
,10/18/2017,LP3,"4,675",6339,2.87,0,26,ST,"45,840","44,325",96.69%,"44,325"
,,,,,,,,,,,,
,10/18/2017,LP3,"4,675",6342,2.87,0,26,ST,"40,020","38,697",96.69%,"38,697"
,,,,,,,,,,,,
,10/18/2017,ROUN5,"4,685",6350,1.9,0,23,HO,"47,060","44,522",94.61%,"44,522"
,,,,,,,,,,,,
,10/18/2017,ROUN5,"4,693",6360,1.44,0,28,HO,"46,000","44,397",96.52%,"44,397"
,,,,,,,,,,,,
,10/18/2017,ROUN4,"4,697",6365,2.37,0,34,HO,"48,740","46,475",95.35%,"46,475"
,,,,,,,,,,,,
,10/19/2017,ROUN4,"4,701",6369,2.6,0,20,HO,"54,540","51,556",94.53%,"51,556"
,,,,,,,,,,,,
,10/19/2017,ROUN2,"4,708",6376,2.4,0,36,HO,"51,140","48,207",94.26%,"48,207"
,,,,,,,,,,,,
,10/19/2017,ROUN2,"4,713",6383,2.29,0,27,HO,"51,400","48,702",94.75%,"48,702"
,,,,,,,,,,,,
,10/19/2017,ROUN2,"4,713",6387,2.29,0,27,HO,"51,720","49,005",94.75%,"49,005"
,,,,,,,,,,,,
,10/19/2017,ROUN2,"4,722",6393,2.61,0,21,HO,"47,160","45,354",96.17%,"45,354"
,,,,,,,,,,,,
,10/20/2017,LP5,"4,733",6407,2.65,0,32,ST,"49,100","46,290",94.28%,"46,290"
,,,,,,,,,,,,
,10/20/2017,LP5,"4,733",6410,2.65,0,32,ST,"47,800","45,065",94.28%,"45,065"
,,,,,,,,,,,,
,10/20/2017,LP5,"4,733",6414,2.65,0,32,ST,"48,900","46,102",94.28%,"46,102"
,,,,,,,,,,,,
,10/20/2017,LP5,"4,742",6419,2.61,0,34,ST,"47,580","46,021",96.72%,"46,021"
,,,,,,,,,,,,
,10/20/2017,LP5,"4,742",6422,2.61,0,34,ST,"48,240","46,660",96.72%,"46,660"
,,,,,,,,,,,,
,10/20/2017,LP5,"4,744",6423,4.3,0,30,ST,"39,000","37,174",95.32%,"37,174"
,,,,,,,,,,,,
,10/21/2017,LP4 C,"4,749",6428,2.53,0,34,ST,"50,580","48,525",95.94%,"48,525"
,,,,,,,,,,,,
,Deca01,,,,,,,,,,,
,,,,,,,,,,,,
,,,,,,,,,,,,
,10/21/2017,LP4 C,"4,749",6437,2.53,0,34,ST,"37,980","36,437",95.94%,"36,437"
,,,,,,,,,,,,
,10/21/2017,LP4 C,"4,753",6433,2.16,0,37,ST,"50,340","48,072",95.49%,"48,072"
,,,,,,,,,,,,
,10/23/2017,LP8,"4,760",6443,2.78,0,28,HO,"47,880","46,079",96.24%,"46,079"
,,,,,,,,,,,,
,10/23/2017,LP8,"4,760",6444,2.78,0,28,HO,"49,800","47,927",96.24%,"47,927"
,,,,,,,,,,,,
,10/23/2017,LP8,"4,760",6445,2.78,0,28,HO,"48,840","47,003",96.24%,"47,003"
,,,,,,,,,,,,
,10/23/2017,LP8,"4,760",6446,2.78,0,28,HO,"50,500","48,600",96.24%,"48,600"
,,,,,,,,,,,,
,10/23/2017,LP8,"4,760",6447,2.78,0,28,HO,"28,020","26,966",96.24%,"26,966"
,,,,,,,,,,,,
,10/23/2017,LP4 B,"4,764",6442,10.5,0,49,EB,"50,280","44,146",87.80%,"40,835"
,,,,,,,,,,,,
,10/23/2017,MP1A,"4,767",6454,3.62,0,36,ST,"51,980","48,648",93.59%,"48,346"
,,,,,,,,,,,,
,10/23/2017,MP1A,"4,767",6459,3.62,0,36,ST,"26,280","24,595",93.59%,"24,443"
,,,,,,,,,,,,
,10/23/2017,MP1B,"4,774",6463,2.87,0,29,ST,"52,180","50,072",95.96%,"50,072"
,,,,,,,,,,,,
,10/23/2017,MP1B,"4,778",6466,11.52,0,31,ST,"51,620","46,656",90.38%,"42,681"
,,,,,,,,,,,,
,10/23/2017,MP1B,"4,779",6467,12.06,0,35,ST,"51,120","48,309",94.50%,"43,932"
,,,,,,,,,,,,
,10/24/2017,MP1B,"4,780",6468,10.48,0,31,ST,"26,600","25,448",95.67%,"23,544"
,,,,,,,,,,,,
,10/24/2017,MP2,"4,785",6473,5.87,0,30,ST,"53,120","50,181",94.47%,"48,741"
,,,,,,,,,,,,
,10/24/2017,MP2,"4,785",6476,5.87,0,30,ST,"51,600","48,745",94.47%,"47,346"
,,,,,,,,,,,,
,10/24/2017,MP2,"4,785",6481,5.87,0,30,ST,"53,060","50,124",94.47%,"48,686"
,,,,,,,,,,,,
,10/24/2017,MP2,"4,785",6483,5.87,0,30,ST,"3,400","3,212",94.47%,"3,120"
,,,,,,,,,,,,
,10/25/2017,Merry2,"4,795",6489,4.18,0,22,HO,"52,380","49,123",93.78%,"48,543"
,,,,,,,,,,,,
,10/25/2017,Merry2,"4,795",6492,4.18,0,22,HO,"52,840","49,554",93.78%,"48,969"
,,,,,,,,,,,,
,10/25/2017,Merry2,"4,796",6490,4,0,26,HO,"50,640","48,151",95.08%,"47,669"
,,,,,,,,,,,,
,10/25/2017,Merry2,"4,801",6496,3.6,0,25,HO,"42,000","39,893",94.98%,"39,654"
,,,,,,,,,,,,
,10/26/2017,STU4,"4,807",6502,3.3,0,50,MX,"51,440","46,449",90.30%,"46,310"
,,,,,,,,,,,,
,10/26/2017,STU4,"4,808",6503,5.36,0,48,MX,"53,380","47,974",89.87%,"46,842"
,,,,,,,,,,,,
,10/26/2017,STU4,"4,815",6510,5.06,0,45,MX,"51,920","49,471",95.28%,"48,452"
,,,,,,,,,,,,
,10/26/2017,STU4,"4,815",6514,5.06,0,45,MX,"52,740","50,252",95.28%,"49,217"
,,,,,,,,,,,,
,10/27/2017,STU4,"4,815",6515,5.06,0,45,MX,"22,400","21,343",95.28%,"20,904"
,,,,,,,,,,,,
,Deca01,,,,,,,,,,,
,,,,,,,,,,,,
,,,,,,,,,,,,
,10/27/2017,STU5,"4,819",6516,5.2,0,34,ST,"23,120","21,276",92.02%,"20,808"
,,,,,,,,,,,,
,10/30/2017,CAR21,"4,850",6563,3.22,0,48,MX,"55,140","51,197",92.85%,"51,197"
,,,,,,,,,,,,
,10/31/2017,CAR21,"4,851",6567,3.12,0,52,MX,"17,780","16,810",94.54%,"16,810"
,,,,,,,,,,,,
,10/30/2017,CAR21,"4,852",6559,3.04,0,47,MX,"46,900","43,411",92.56%,"43,411"
,,,,,,,,,,,,
,10/31/2017,CAR21,"4,854",6566,1.36,0,35,ST,"17,860","17,222",96.43%,"17,222"
,,,,,,,,,,,,
,11/1/2017,CAR17,"4,864",6582,3.2,0,27,ST,"50,420","47,558",94.32%,"47,558"
,,,,,,,,,,,,
,11/1/2017,CAR17,"4,866",6584,3.72,0,33,ST,"59,400","54,382",91.55%,"54,382"
,,,,,,,,,,,,
,11/1/2017,CAR17,"4,867",6585,2.59,0,32,ST,"44,460","42,026",94.53%,"42,026"
,,,,,,,,,,,,
,11/2/2017,CAR17,"4,870",6590,4.1,0,37,ST,"22,000","20,665",93.93%,"20,665"
,,,,,,,,,,,,
,11/3/2017,CAR20,"4,883",6605,3.52,0,50,MX,"49,620","44,732",90.15%,"44,732"
,,,,,,,,,,,,
,11/3/2017,CAR20,"4,883",6608,3.52,0,50,MX,"58,940","53,134",90.15%,"53,134"
,,,,,,,,,,,,
,11/3/2017,CAR20,"4,887",6610,6.6,0,33,MX,"48,540","43,863",90.36%,"42,284"
,,,,,,,,,,,,
,11/4/2017,CAR20,"4,888",6614,4.54,0,34,MX,"40,200","36,711",91.32%,"36,145"
,,,,,,,,,,,,
,11/4/2017,CAR20,"4,888",6616,4.54,0,34,MX,"57,440","52,454",91.32%,"51,646"
,,,,,,,,,,,,
,11/4/2017,CAR20,"4,888",6618,4.54,0,34,MX,"7,000","6,392",91.32%,"6,294"
,,,,,,,,,,,,
,11/4/2017,CAR22,"4,895",6623,2.74,0,36,MX,"59,320","52,959",89.28%,"52,959"
,,,,,,,,,,,,
,11/4/2017,CAR22,"4,897",6625,5.2,0,44,MX,"39,940","35,992",90.12%,"35,200"
,,,,,,,,,,,,
,11/7/2017,Merry3,"4,904",6633,1.71,0,38,HO,"43,780","40,268",91.98%,"40,268"
,,,,,,,,,,,,
,Total For Grower:,,,,,0,32,,"5,027,560","4,729,591",94.07%,"4,691,725"
,,,,,,,,,,,,
,,,,,,,,,,,,
,Deca03,,,,,,,,,,,
,,,,,,,,,,,,
,,,,,,,,,,,,
,9/26/2017,ZPD,"4,414",6009,,,,PD,"9,440","8,831",93.55%,"8,831"
,,,,,,,,,,,,
,9/26/2017,ZPD,"4,414",6010,,,,PD,"1,340","1,254",93.55%,"1,254"
,,,,,,,,,,,,
,9/27/2017,ZPD,"4,414",6017,,,,PD,"3,940","3,686",93.55%,"3,686"
,,,,,,,,,,,,
,9/27/2017,ZPD,"4,414",6019,,,,PD,"2,540","2,376",93.55%,"2,376"
,,,,,,,,,,,,
,9/28/2017,ZPD,"4,429",6035,,,,PD,"4,960","4,709",94.93%,"4,709"
,,,,,,,,,,,,
,9/28/2017,ZPD,"4,429",6037,,,,PD,"2,600","2,468",94.93%,"2,468"
,,,,,,,,,,,,
,10/2/2017,ZPD,"4,444",6054,,,,PD,"7,880","7,771",98.62%,"7,771"
,,,,,,,,,,,,
,10/3/2017,ZPD,"4,455",6067,,,,PD,"6,120","6,100",99.67%,"6,100"
,,,,,,,,,,,,
,10/3/2017,ZPD,"4,460",6073,,,,PD,"4,640","4,595",99.03%,"4,595"
,,,,,,,,,,,,
,10/3/2017,ZPD,"4,467",6080,,,,PD,"3,340","3,350",100.30%,"3,350"
,,,,,,,,,,,,
,10/5/2017,ZPD,"4,486",6103,,,,PD,"9,300","9,166",98.56%,"9,166"
,,,,,,,,,,,,
,10/6/2017,ZPD,"4,495",6113,,,,PD,"10,320","10,143",98.28%,"10,143"
,,,,,,,,,,,,
,10/6/2017,ZPD,"4,495",6115,,,,PD,"1,020","1,002",98.28%,"1,002"
,,,,,,,,,,,,
,10/6/2017,ZPD,"4,505",6124,,,,PD,"3,720","3,661",98.41%,"3,661"
,,,,,,,,,,,,
,10/9/2017,ZPD,"4,520",6142,3.5,0,50,PD,500,444,88.83%,442
,,,,,,,,,,,,
,10/9/2017,ZPD,"4,520",6145,3.5,0,50,PD,"11,100","9,860",88.83%,"9,811"
,,,,,,,,,,,,
,10/9/2017,ZPD,"4,520",6148,3.5,0,50,PD,"12,100","10,748",88.83%,"10,695"
,,,,,,,,,,,,
,10/9/2017,ZPD,"4,520",6149,3.5,0,50,PD,"2,140","1,901",88.83%,"1,891"
,,,,,,,,,,,,
,10/10/2017,ZPD,"4,520",6156,3.5,0,50,PD,"1,760","1,563",88.83%,"1,556"
,,,,,,,,,,,,
,10/11/2017,ZPD,"4,539",6176,,,,PD,"10,140","9,904",97.68%,"9,904"
,,,,,,,,,,,,
,10/12/2017,ZPD,"4,539",6196,,,,PD,"6,720","6,564",97.68%,"6,564"
,,,,,,,,,,,,
,10/12/2017,ZPD,"4,539",6206,,,,PD,"3,620","3,536",97.68%,"3,536"
,,,,,,,,,,,,
,10/12/2017,ZPD,"4,539",6212,,,,PD,"4,440","4,337",97.68%,"4,337"
,,,,,,,,,,,,
,10/12/2017,ZPD,"4,539",6215,,,,PD,"3,080","3,008",97.68%,"3,008"
,,,,,,,,,,,,
,10/17/2017,ZPDO,"4,651",6317,1.01,0,23,OS,"4,135","4,213",101.89%,"4,213"
,,,,,,,,,,,,
,10/18/2017,ZPD,"4,679",6346,,,,PD,"5,200","5,066",97.42%,"5,066"
,,,,,,,,,,,,
,10/18/2017,ZPDO,"4,686",6352,,,,OS,"2,464","2,454",99.59%,"2,454"
,,,,,,,,,,,,
,Deca03,,,,,,,,,,,
,,,,,,,,,,,,
,,,,,,,,,,,,
,10/19/2017,ZPD,"4,718",6389,,,,PD,"10,880","10,179",93.56%,"10,179"
,,,,,,,,,,,,
,10/20/2017,ZPD,"4,718",6406,,,,PD,640,599,93.56%,599
,,,,,,,,,,,,
,10/20/2017,ZPD,"4,718",6411,,,,PD,"9,400","8,794",93.56%,"8,794"
,,,,,,,,,,,,
,10/24/2017,ZPD,"4,793",6486,,,,PD,"11,460","11,170",97.47%,"11,170"
,,,,,,,,,,,,
,10/25/2017,ZPD,"4,799",6494,,,,PD,"10,820","10,534",97.36%,"10,534"
,,,,,,,,,,,,
,10/25/2017,ZPD,"4,803",6498,,,,PD,"12,720","12,470",98.03%,"12,470"
,,,,,,,,,,,,
,10/26/2017,ZPD,"4,812",6508,,,,PD,"3,980","3,849",96.71%,"3,849"
,,,,,,,,,,,,
,10/27/2017,ZPD,"4,820",6518,,,,PD,"11,860","11,569",97.55%,"11,569"
,,,,,,,,,,,,
,10/27/2017,ZPDO,"4,825",6524,9.92,0,50,OS,"5,700","5,311",93.18%,"4,944"
,,,,,,,,,,,,
,10/27/2017,ZPDO,"4,825",6526,9.92,0,50,OS,"2,126","1,981",93.18%,"1,844"
,,,,,,,,,,,,
,10/27/2017,ZPD,"4,833",6533,,,,PD,"8,240","7,710",93.56%,"7,710"
,,,,,,,,,,,,
,10/27/2017,ZPD,"4,833",6534,,,,PD,"1,440","1,347",93.56%,"1,347"
,,,,,,,,,,,,
,10/31/2017,ZPD,"4,855",6569,,,,PD,"10,520","10,455",99.38%,"10,455"
,,,,,,,,,,,,
,10/31/2017,ZPD,"4,858",6573,,,,PD,"9,940","9,896",99.56%,"9,896"
,,,,,,,,,,,,
,11/1/2017,ZPD,"4,862",6579,,,,PD,"11,000","11,018",100.16%,"11,018"
,,,,,,,,,,,,
,11/1/2017,ZPD,"4,862",6580,,,,PD,"6,760","6,771",100.16%,"6,771"
,,,,,,,,,,,,
,11/1/2017,ZPD,"4,868",6587,,,,PD,"7,020","6,889",98.13%,"6,889"
,,,,,,,,,,,,
,11/2/2017,ZPD,"4,876",6596,,,,PD,"3,860","3,716",96.27%,"3,716"
,,,,,,,,,,,,
,11/3/2017,ZPD,"4,878",6598,,,,PD,"2,640","2,579",97.68%,"2,579"
,,,,,,,,,,,,
,11/3/2017,ZPD,"4,878",6603,,,,PD,"1,540","1,504",97.68%,"1,504"
,,,,,,,,,,,,
,11/3/2017,ZPD,"4,886",6609,,,,PD,"5,100","4,760",93.34%,"4,760"
,,,,,,,,,,,,
,11/4/2017,ZPD,"4,886",6620,,,,PD,"12,080","11,275",93.34%,"11,275"
,,,,,,,,,,,,
,11/4/2017,ZPD,"4,898",6626,,,,PD,"7,800","7,316",93.79%,"7,316"
,,,,,,,,,,,,
,11/6/2017,ZPDO,"4,899",6627,13.94,0,3,OS,"2,580","2,437",94.45%,"2,170"
,,,,,,,,,,,,
,11/6/2017,ZPDO,"4,899",6628,13.94,0,3,OS,"1,980","1,870",94.45%,"1,666"
,,,,,,,,,,,,
,11/6/2017,ZPD,"4,901",6630,,,,PD,"7,140","7,041",98.61%,"7,041"
,,,,,,,,,,,,
,11/7/2017,ZPD,"4,905",6634,,,,PD,"11,360","11,304",99.51%,"11,304"
,,,,,,,,,,,,
,Deca03,,,,,,,,,,,
,,,,,,,,,,,,
,,,,,,,,,,,,
,11/7/2017,ZPD,"4,906",6635,,,,PD,"2,600","2,547",97.96%,"2,547"
,,,,,,,,,,,,
,11/7/2017,ZPD,"4,906",6636,,,,PD,"12,380","12,127",97.96%,"12,127"
,,,,,,,,,,,,
,11/8/2017,ZPD,"4,908",6638,,,,PD,"12,280","11,781",95.94%,"11,781"
,,,,,,,,,,,,
,11/8/2017,ZPD,"4,908",6640,,,,PD,"7,800","7,483",95.94%,"7,483"
,,,,,,,,,,,,
,11/9/2017,ZPD,"4,908",6642,,,,PD,"13,140","12,606",95.94%,"12,606"
,,,,,,,,,,,,
,11/9/2017,ZPD,"4,910",6643,,,,PD,"10,520","10,096",95.97%,"10,096"
,,,,,,,,,,,,
,11/10/2017,ZPD,"4,910",6644,,,,PD,"9,340","8,964",95.97%,"8,964"
,,,,,,,,,,,,
,11/10/2017,ZPD,"4,913",6647,,,,PD,"13,520","13,056",96.57%,"13,056"
,,,,,,,,,,,,
,11/11/2017,ZPD,"4,914",6648,,,,PD,"5,580","5,573",99.87%,"5,573"
,,,,,,,,,,,,
,11/11/2017,ZPD,"4,914",6649,,,,PD,"2,880","2,876",99.87%,"2,876"
,,,,,,,,,,,,
,11/11/2017,ZPD,"4,914",6650,,,,PD,"6,220","6,212",99.87%,"6,212"
,,,,,,,,,,,,
,11/12/2017,ZPD,"4,914",6651,,,,PD,"1,120","1,119",99.87%,"1,119"
,,,,,,,,,,,,
,11/13/2017,ZPD,"4,915",6652,,,,PD,"11,120","11,040",99.28%,"11,040"
,,,,,,,,,,,,
,11/13/2017,ZPD,"4,915",6657,,,,PD,"12,700","12,609",99.28%,"12,609"
,,,,,,,,,,,,
,11/14/2017,ZPD,"4,915",6658,,,,PD,"13,700","13,602",99.28%,"13,602"
,,,,,,,,,,,,
,11/14/2017,ZPD,"4,921",6661,,,,PD,"12,680","12,667",99.90%,"12,667"
,,,,,,,,,,,,
,11/14/2017,ZPD,"4,922",6662,,,,PD,"7,500","7,347",97.96%,"7,347"
,,,,,,,,,,,,
,11/15/2017,ZPD,"4,922",6663,,,,PD,"12,520","12,264",97.96%,"12,264"
,,,,,,,,,,,,
,11/15/2017,ZPD,"4,922",6664,,,,PD,"10,880","10,658",97.96%,"10,658"
,,,,,,,,,,,,
,11/16/2017,ZPD,"4,922",6665,,,,PD,"5,700","5,584",97.96%,"5,584"
,,,,,,,,,,,,
,11/16/2017,ZPD,"4,923",6666,,,,PD,"11,800","11,322",95.95%,"11,322"
,,,,,,,,,,,,
,11/16/2017,ZPD,"4,923",6667,,,,PD,"14,320","13,741",95.95%,"13,741"
,,,,,,,,,,,,
,11/17/2017,ZPD,"4,924",6668,,,,PD,"14,620","14,246",97.44%,"14,246"
,,,,,,,,,,,,
,11/17/2017,ZPD,"4,924",6671,,,,PD,"7,080","6,899",97.44%,"6,899"
,,,,,,,,,,,,
,11/18/2017,ZPD,"4,924",6669,,,,PD,"8,160","7,951",97.44%,"7,951"
,,,,,,,,,,,,
,11/18/2017,ZPD,"4,924",6670,,,,PD,"2,760","2,689",97.44%,"2,689"
,,,,,,,,,,,,
,11/20/2017,ZPD,"4,924",6673,,,,PD,"4,440","4,326",97.44%,"4,326"
,,,,,,,,,,,,
,Deca03,,,,,,,,,,,
,,,,,,,,,,,,
,,,,,,,,,,,,
,11/20/2017,ZPD,"4,927",6676,,,,PD,"2,880","2,522",87.55%,"2,522"
,,,,,,,,,,,,
,11/21/2017,ZPD,"4,927",6680,,,,PD,"12,900","11,294",87.55%,"11,294"
,,,,,,,,,,,,
,11/21/2017,ZPD,"4,927",6681,,,,PD,"3,340","2,924",87.55%,"2,924"
,,,,,,,,,,,,
,11/21/2017,ZPD,"4,927",6682,,,,PD,"9,840","8,615",87.55%,"8,615"
,,,,,,,,,,,,
,11/21/2017,ZPD,"4,927",6683,,,,PD,"9,940","8,703",87.55%,"8,703"
,,,,,,,,,,,,
,11/20/2017,ZPDO,"4,928",6677,,,,OS,"6,140","6,022",98.08%,"6,022"
,,,,,,,,,,,,
,11/21/2017,ZPD,"4,929",6684,,,,PD,"14,020","12,030",85.80%,"12,030"
,,,,,,,,,,,,
,11/21/2017,ZPD,"4,929",6685,,,,PD,"11,900","10,210",85.80%,"10,210"
,,,,,,,,,,,,
,11/22/2017,ZPD,"4,930",6686,,,,PD,"12,640","9,923",78.51%,"9,923"
,,,,,,,,,,,,
,11/22/2017,ZPD,"4,930",6687,,,,PD,"12,640","9,923",78.51%,"9,923"
,,,,,,,,,,,,
,11/22/2017,ZPD,"4,930",6688,,,,PD,"11,400","8,950",78.51%,"8,950"
,,,,,,,,,,,,
,11/22/2017,ZPD,"4,930",6689,,,,PD,"5,420","4,255",78.51%,"4,255"
,,,,,,,,,,,,
,11/27/2017,ZPD,"4,933",6698,,,,PD,960,932,97.13%,932
,,,,,,,,,,,,
,11/27/2017,ZPD,"4,933",6699,,,,PD,"10,000","9,713",97.13%,"9,713"
,,,,,,,,,,,,
,11/28/2017,ZPD,"4,933",6700,,,,PD,"2,820","2,739",97.13%,"2,739"
,,,,,,,,,,,,
,11/28/2017,ZPD,"4,933",6702,,,,PD,"1,400","1,360",97.13%,"1,360"
,,,,,,,,,,,,
,11/28/2017,ZPD,"4,933",6703,,,,PD,"1,040","1,010",97.13%,"1,010"
,,,,,,,,,,,,
,11/29/2017,ZPD,"4,933",6704,,,,PD,"3,840","3,730",97.13%,"3,730"
,,,,,,,,,,,,
,11/29/2017,ZPD,"4,940",6705,,,,PD,"13,760","13,042",94.78%,"13,042"
,,,,,,,,,,,,
,11/30/2017,ZPD,"4,940",6706,,,,PD,"5,200","4,928",94.78%,"4,928"
,,,,,,,,,,,,
,11/30/2017,ZPD,"4,941",6707,,,,PD,"8,060","7,968",98.86%,"7,968"
,,,,,,,,,,,,
,12/4/2017,ZPD,"4,942",6708,,,,PD,"9,760","9,594",98.30%,"9,594"
,,,,,,,,,,,,
,12/4/2017,ZPD,"4,942",6709,,,,PD,"2,200","2,163",98.30%,"2,163"
,,,,,,,,,,,,
,12/4/2017,ZPD,"4,942",6710,,,,PD,"5,120","5,033",98.30%,"5,033"
,,,,,,,,,,,,
,12/4/2017,ZPD,"4,942",6711,,,,PD,"13,080","12,858",98.30%,"12,858"
,,,,,,,,,,,,
,12/4/2017,ZPD,"4,942",6712,,,,PD,"1,900","1,868",98.30%,"1,868"
,,,,,,,,,,,,
,12/5/2017,ZPD,"4,943",6713,,,,PD,"4,100","3,824",93.27%,"3,824"
,,,,,,,,,,,,
,Deca03,,,,,,,,,,,
,,,,,,,,,,,,
,,,,,,,,,,,,
,12/5/2017,ZPD,"4,943",6714,,,,PD,"3,000","2,798",93.27%,"2,798"
,,,,,,,,,,,,
,12/5/2017,ZPD,"4,944",6715,,,,PD,"11,660","9,547",81.88%,"9,547"
,,,,,,,,,,,,
,12/5/2017,ZPD,"4,944",6716,,,,PD,"12,020","9,842",81.88%,"9,842"
,,,,,,,,,,,,
,12/5/2017,ZPD,"4,944",6717,,,,PD,"8,940","7,320",81.88%,"7,320"
,,,,,,,,,,,,
,12/6/2017,ZPD,"4,945",6718,,,,PD,"13,020","10,210",78.42%,"10,210"
,,,,,,,,,,,,
,12/6/2017,ZPD,"4,946",6719,,,,PD,"1,960","1,638",83.57%,"1,638"
,,,,,,,,,,,,
,Total For Grower:,,,,,0,42,,"823,405","775,929",94.23%,"774,831"
,,,,,,,,,,,,
,,,,,,,,,,,,
,DeMo01,,,,,,,,,,,
,,,,,,,,,,,,
,,,,,,,,,,,,
,10/20/2017,8,"4,738",6415,4.26,0,26,OS,"13,060","11,857",90.79%,"11,708"
,,,,,,,,,,,,
,Total For Grower:,,,,,0,26,,"13,060","11,857",90.79%,"11,708"
,,,,,,,,,,,,
,,,,,,,,,,,,
,Fiel05,,,,,,,,,,,
,,,,,,,,,,,,
,,,,,,,,,,,,
,10/17/2017,EB,"4,650",6312,0.98,0,35,OE,"3,380","3,065",90.68%,"3,065"
,,,,,,,,,,,,
,10/18/2017,ST,"4,683",6348,2.22,0,26,OS,"12,760","11,832",92.72%,"11,832"
,,,,,,,,,,,,
,10/18/2017,ST,"4,683",6366,2.22,0,26,OS,"5,700","5,285",92.72%,"5,285"
,,,,,,,,,,,,
,Total For Grower:,,,,,0,27,,"21,840","20,182",92.41%,"20,182"
,,,,,,,,,,,,
,,,,,,,,,,,,
,Fran05,,,,,,,,,,,
,,,,,,,,,,,,
,,,,,,,,,,,,
,10/16/2017,Alderb,"4,617",6269,7.78,0,24,ST,"36,040","30,864",85.64%,"29,389"
,,,,,,,,,,,,
,Total For Grower:,,,,,0,24,,"36,040","30,864",85.64%,"29,389"
,,,,,,,,,,,,
,,,,,,,,,,,,
,Gate02,,,,,,,,,,,
,,,,,,,,,,,,
,,,,,,,,,,,,
,10/16/2017,E1,"4,613",6270,1.11,0,28,ST,"51,720","50,362",97.37%,"50,362"
,,,,,,,,,,,,
,10/16/2017,E1,"4,621",6281,2.4,0,28,ST,"51,560","48,766",94.58%,"48,766"
,,,,,,,,,,,,
,10/16/2017,E1,"4,629",6274,2.78,0,26,ST,"49,540","47,962",96.82%,"47,962"
,,,,,,,,,,,,
,10/16/2017,E1,"4,629",6291,2.78,0,26,ST,"33,760","32,685",96.82%,"32,685"
,,,,,,,,,,,,
,10/16/2017,E1,"4,641",6273,3.07,0,25,ST,"50,660","49,157",97.03%,"49,157"
,,,,,,,,,,,,
,10/16/2017,E1,"4,641",6275,3.07,0,25,ST,"49,680","48,206",97.03%,"48,206"
,,,,,,,,,,,,
,10/17/2017,E2,"4,654",6315,3,0,26,ST,"50,660","48,066",94.88%,"48,066"
,,,,,,,,,,,,
,10/17/2017,E2,"4,654",6318,3,0,26,ST,"48,820","46,321",94.88%,"46,321"
,,,,,,,,,,,,
,10/17/2017,E2,"4,666",6329,0.95,0,31,ST,"32,640","31,682",97.06%,"31,682"
,,,,,,,,,,,,
,10/17/2017,E4,"4,673",6337,1.29,0,22,HO,"51,920","50,331",96.94%,"50,331"
,,,,,,,,,,,,
,10/18/2017,E4,"4,677",6341,1.81,0,28,HO,"31,780","30,503",95.98%,"30,503"
,,,,,,,,,,,,
,10/18/2017,E5,"4,682",6347,1.73,0,20,ST,"52,820","51,311",97.14%,"51,311"
,,,,,,,,,,,,
,Total For Grower:,,,,,0,26,,"555,560","535,352",96.36%,"535,352"
,,,,,,,,,,,,
,,,,,,,,,,,,
,Gate03,,,,,,,,,,,
,,,,,,,,,,,,
,,,,,,,,,,,,
,10/24/2017,SPRUCE,"4,786",6474,11.83,0,28,HO,"51,700","48,023",92.89%,"43,783"
,,,,,,,,,,,,
,10/24/2017,FRONT,"4,790",6482,3.34,0,22,HO,"13,020","12,439",95.54%,"12,439"
,,,,,,,,,,,,
,10/26/2017,BACKWO,"4,810",6505,9.2,0,21,HO,"39,540","35,030",88.59%,"32,858"
,,,,,,,,,,,,
,,,,,,,,,,,,
,Total For Grower:,,,,,0,25,,"104,260","95,492",91.59%,"89,080"
,,,,,,,,,,,,
,,,,,,,,,,,,
,Grew02,,,,,,,,,,,
,,,,,,,,,,,,
,,,,,,,,,,,,
,10/9/2017,ROCK,"4,522",6143,1.9,0,34,ST,"31,600","29,551",93.52%,"29,551"
,,,,,,,,,,,,
,10/14/2017,ROCK,"4,597",6251,1.98,0,47,EB,"12,440","10,490",84.32%,"10,490"
,,,,,,,,,,,,
,Total For Grower:,,,,,0,37,,"44,040","40,041",90.92%,"40,041"
,,,,,,,,,,,,
,,,,,,,,,,,,
,Hamb01,,,,,,,,,,,
,,,,,,,,,,,,
,,,,,,,,,,,,
,10/27/2017,MM,"4,830",6530,2.08,0,44,MX,"32,200","28,630",88.91%,"28,630"
,,,,,,,,,,,,
,11/8/2017,lap,"4,907",6637,3.04,0,72,ST,"43,980","39,687",90.24%,"39,687"
,,,,,,,,,,,,
,11/10/2017,lap,"4,911",6645,2.99,0,64,ST,"43,620","39,463",90.47%,"39,463"
,,,,,,,,,,,,
,11/13/2017,Lap 4,"4,917",6655,2.43,0,48,ST,"53,620","50,903",94.93%,"50,903"
,,,,,,,,,,,,
,Total For Grower:,,,,,0,57,,"173,420","158,683",91.50%,"158,683"
,,,,,,,,,,,,
,,,,,,,,,,,,
,Hamb03,,,,,,,,,,,
,,,,,,,,,,,,
,,,,,,,,,,,,
,11/1/2017,COOMBE,,,,,,MX,,,,
,,,,,,,,,,,,
,,,,,,,,,,,,
,10/6/2017,COOMBE,"4,497",6116,1.4,0,49,EB,"21,180","19,946",94.17%,"19,946"
,,,,,,,,,,,,
,,,,,,,,,,,,
,10/11/2017,MH EB,"4,546",6184,7.28,0,20,EB,"8,160","7,452",91.32%,"7,133"
,,,,,,,,,,,,
,10/19/2017,MH ST,"4,725",6398,4.15,0,35,ST,"19,460","18,145",93.24%,"18,145"
,,,,,,,,,,,,
,10/23/2017,MH HO,"4,765",6452,1.63,0,31,HO,"14,580","13,608",93.33%,"13,608"
,,,,,,,,,,,,
,11/2/2017,winn,"4,872",6592,3.2,0,44,ST,"10,420","9,546",91.61%,"9,527"
,,,,,,,,,,,,
,11/4/2017,winn,"4,891",6617,4.74,0,36,ST,"14,320","12,658",88.39%,"12,658"
,,,,,,,,,,,,
,11/4/2017,MH EB,"4,896",6624,7.19,0,38,EB,"12,020","9,239",76.86%,"9,239"
,,,,,,,,,,,,
,Total For Grower:,,,,,0,38,,"100,140","90,594",90.47%,"90,256"
,,,,,,,,,,,,
,,,,,,,,,,,,
,Hann01,,,,,,,,,,,
,,,,,,,,,,,,
,,,,,,,,,,,,
,9/28/2017,D3,"4,424",6026,2.98,0,34,BL,"46,740","45,347",97.02%,"45,347"
,,,,,,,,,,,,
,9/28/2017,D3,"4,425",6029,1.74,0,38,BL,"52,880","51,575",97.53%,"51,575"
,,,,,,,,,,,,
,9/28/2017,D3,"4,425",6030,1.74,0,38,BL,"9,920","9,675",97.53%,"9,675"
,,,,,,,,,,,,
,9/28/2017,D9,"4,428",6034,2.3,0,31,BL,"40,300","39,357",97.66%,"39,357"
,,,,,,,,,,,,
,10/2/2017,D5,"4,441",6051,0.72,0,41,EB,"13,100","12,261",93.60%,"12,261"
,,,,,,,,,,,,
,10/2/2017,D4,"4,445",6055,1.46,0,23,BL,"44,220","42,118",95.25%,"42,118"
,,,,,,,,,,,,
,10/2/2017,D10,"4,447",6059,0.81,0,22,BL,"24,000","22,770",94.88%,"22,770"
,,,,,,,,,,,,
,10/2/2017,C 8,"4,449",6061,0.66,0,62,EB,"4,840","4,591",94.86%,"4,591"
,,,,,,,,,,,,
,10/2/2017,D8,"4,450",6062,0.76,0,23,EB,"26,220","25,689",97.97%,"25,689"
,,,,,,,,,,,,
,10/3/2017,D7,"4,451",6063,1.01,0,24,EB,"37,440","36,384",97.18%,"36,384"
,,,,,,,,,,,,
,10/3/2017,D14,"4,456",6068,2.24,0,35,BL,"19,120","17,977",94.02%,"17,977"
,,,,,,,,,,,,
,10/3/2017,D13,"4,458",6070,2.89,0,29,BL,"12,100","11,425",94.42%,"11,425"
,,,,,,,,,,,,
,10/3/2017,C15,"4,459",6072,1.8,0,34,BL,"42,240","39,246",92.91%,"39,246"
,,,,,,,,,,,,
,10/3/2017,C15,"4,461",6074,1.79,0,40,BL,"42,920","41,087",95.73%,"41,087"
,,,,,,,,,,,,
,10/3/2017,D-15,"4,463",6076,2.8,0,35,BL,"56,880","53,968",94.88%,"53,968"
,,,,,,,,,,,,
,10/3/2017,C15,"4,464",6077,2.8,0,40,BL,"44,360","42,361",95.49%,"42,361"
,,,,,,,,,,,,
,10/3/2017,D-15,"4,465",6078,1.66,0,36,BL,"9,460","9,377",99.12%,"9,377"
,,,,,,,,,,,,
,10/3/2017,D-15,"4,468",6081,2.5,0,32,BL,"45,720","42,673",93.34%,"42,673"
,,,,,,,,,,,,
,10/4/2017,C15,"4,469",6082,1.52,0,35,BL,"42,620","41,359",97.04%,"41,359"
,,,,,,,,,,,,
,10/4/2017,C15,"4,469",6083,1.52,0,35,BL,"40,740","39,535",97.04%,"39,535"
,,,,,,,,,,,,
,10/4/2017,C 7,"4,470",6084,2.62,0,21,EB,"29,220","28,537",97.66%,"28,537"
,,,,,,,,,,,,
,10/4/2017,C15,"4,471",6085,1.25,0,31,BL,"9,640","9,326",96.74%,"9,326"
,,,,,,,,,,,,
,10/4/2017,C16,"4,475",6090,1.63,0,35,BL,"49,640","47,753",96.20%,"47,753"
,,,,,,,,,,,,
,10/4/2017,C16,"4,475",6095,1.63,0,35,BL,"41,440","39,865",96.20%,"39,865"
,,,,,,,,,,,,
,10/4/2017,C16,"4,477",6092,1.62,0,34,BL,"49,380","47,783",96.77%,"47,783"
,,,,,,,,,,,,
,10/4/2017,C14,"4,479",6094,1.4,0,43,EB,"49,640","46,486",93.65%,"46,486"
,,,,,,,,,,,,
,10/4/2017,C14,"4,482",6098,1.6,0,38,EB,"11,700","10,937",93.48%,"10,937"
,,,,,,,,,,,,
,Hann01,,,,,,,,,,,
,,,,,,,,,,,,
,,,,,,,,,,,,
,10/4/2017,C13,"4,484",6100,1.92,0,43,EB,"45,840","42,902",93.59%,"42,902"
,,,,,,,,,,,,
,10/5/2017,C10,"4,485",6101,1.6,0,45,EB,"44,380","41,023",92.44%,"41,023"
,,,,,,,,,,,,
,10/5/2017,C10,"4,485",6102,1.6,0,45,EB,"22,020","20,354",92.44%,"20,354"
,,,,,,,,,,,,
,10/5/2017,C 6,"4,490",6107,1.34,0,44,EB,"46,380","44,338",95.60%,"44,338"
,,,,,,,,,,,,
,10/5/2017,C 9,"4,492",6110,1.6,0,44,EB,"48,820","45,468",93.13%,"45,468"
,,,,,,,,,,,,
,10/6/2017,C 5,"4,493",6111,1.19,0,37,EB,"37,340","36,014",96.45%,"36,014"
,,,,,,,,,,,,
,10/18/2017,D12,"4,676",6340,1.16,0,26,HO,"33,220","31,000",93.32%,"31,000"
,,,,,,,,,,,,
,10/18/2017,D-11,"4,678",6343,2.69,0,24,MX,"52,960","45,671",86.24%,"45,671"
,,,,,,,,,,,,
,10/18/2017,D2,"4,684",6349,2.59,0,33,ST,"59,880","56,579",94.49%,"56,579"
,,,,,,,,,,,,
,10/18/2017,D2,"4,689",6354,2.5,0,34,ST,"35,480","32,307",91.06%,"32,307"
,,,,,,,,,,,,
,10/18/2017,D17,"4,694",6361,1.96,0,28,ST,"57,280","54,248",94.71%,"54,248"
,,,,,,,,,,,,
,10/18/2017,D17,"4,696",6364,2.3,0,21,ST,"49,500","48,151",97.27%,"48,151"
,,,,,,,,,,,,
,10/18/2017,D17,"4,699",6368,2.02,0,30,ST,"41,560","40,025",96.31%,"40,025"
,,,,,,,,,,,,
,10/19/2017,D-1,"4,705",6373,2.57,0,31,ST,"61,620","58,028",94.17%,"58,028"
,,,,,,,,,,,,
,10/19/2017,D-1,"4,710",6378,2.85,0,37,ST,"50,960","48,753",95.67%,"48,753"
,,,,,,,,,,,,
,10/19/2017,D-1,"4,710",6381,2.85,0,37,ST,"53,940","51,604",95.67%,"51,604"
,,,,,,,,,,,,
,10/19/2017,C19,"4,724",6397,2.5,0,35,ST,"50,780","49,422",97.33%,"49,422"
,,,,,,,,,,,,
,10/20/2017,C18,"4,727",6400,0.68,0,28,ST,"49,700","47,405",95.38%,"47,405"
,,,,,,,,,,,,
,10/20/2017,C19,"4,728",6401,2.83,0,24,ST,"58,300","54,623",93.69%,"54,623"
,,,,,,,,,,,,
,10/20/2017,C18,"4,734",6408,1.2,0,30,ST,"51,380","49,031",95.43%,"49,031"
,,,,,,,,,,,,
,10/20/2017,C18,"4,739",6416,1.46,0,28,ST,"60,080","57,507",95.72%,"57,507"
,,,,,,,,,,,,
,10/20/2017,C18,"4,739",6421,1.46,0,28,ST,"47,280","45,256",95.72%,"45,256"
,,,,,,,,,,,,
,10/21/2017,C17,"4,747",6426,1.9,0,33,ST,"58,500","57,159",97.71%,"57,159"
,,,,,,,,,,,,
,10/21/2017,C17,"4,751",6430,2,0,26,ST,"50,740","47,314",93.25%,"47,314"
,,,,,,,,,,,,
,10/21/2017,C17,"4,755",6435,2.66,0,35,ST,"58,160","54,729",94.10%,"54,729"
,,,,,,,,,,,,
,10/21/2017,C17,"4,755",6438,2.66,0,35,ST,"50,400","47,426",94.10%,"47,426"
,,,,,,,,,,,,
,10/21/2017,C17,"4,757",6440,2.97,0,34,ST,"18,960","18,367",96.87%,"18,367"
,,,,,,,,,,,,
,Hann01,,,,,,,,,,,
,,,,,,,,,,,,
,,,,,,,,,,,,
,10/23/2017,C11,"4,762",6449,2.64,0,23,HO,"59,060","56,571",95.79%,"56,571"
,,,,,,,,,,,,
,10/23/2017,C11,"4,762",6450,2.64,0,23,HO,"17,880","17,126",95.79%,"17,126"
,,,,,,,,,,,,
,10/23/2017,C12,"4,768",6455,2.16,0,20,HO,"31,180","29,282",93.91%,"29,282"
,,,,,,,,,,,,
,10/23/2017,C 4,"4,769",6456,1.48,0,30,HO,"11,300","10,804",95.61%,"10,804"
,,,,,,,,,,,,
,10/23/2017,C 3,"4,773",6462,0.47,0,31,HO,"33,360","32,192",96.50%,"32,192"
,,,,,,,,,,,,
,10/23/2017,C 2,"4,777",6465,2.09,0,27,HO,"26,840","25,582",95.31%,"25,582"
,,,,,,,,,,,,
,10/24/2017,C 1,"4,781",6469,0.92,0,24,HO,"17,600","16,974",96.44%,"16,974"
,,,,,,,,,,,,
,10/24/2017,C 1,"4,782",6470,3.65,0,27,HO,"60,340","57,197",94.79%,"56,825"
,,,,,,,,,,,,
,Total For Grower:,,,,,0,32,,"2,449,500","2,329,894",95.12%,"2,329,522"
,,,,,,,,,,,,
,,,,,,,,,,,,
,Hann02,,,,,,,,,,,
,,,,,,,,,,,,
,,,,,,,,,,,,
,10/25/2017,B8,"4,798",6493,4.99,0,35,ST,"49,660","47,282",95.21%,"46,341"
,,,,,,,,,,,,
,10/25/2017,B8,"4,800",6495,4.4,0,41,ST,"57,980","55,222",95.24%,"54,449"
,,,,,,,,,,,,
,10/25/2017,B8,"4,802",6497,6.1,0,35,ST,"32,740","30,874",94.30%,"29,948"
,,,,,,,,,,,,
,10/26/2017,B7,"4,804",6499,3.35,0,34,ST,"49,920","46,232",92.61%,"46,070"
,,,,,,,,,,,,
,10/26/2017,B7,"4,805",6500,4.51,0,36,ST,"57,180","54,608",95.50%,"53,783"
,,,,,,,,,,,,
,10/26/2017,B7,"4,811",6506,3.03,0,37,ST,"49,960","46,142",92.36%,"46,142"
,,,,,,,,,,,,
,10/26/2017,B6,"4,813",6507,1.09,0,41,ST,"58,400","56,825",97.30%,"56,825"
,,,,,,,,,,,,
,10/26/2017,B1,"4,817",6512,3.34,0,42,ST,"51,080","47,896",93.77%,"47,896"
,,,,,,,,,,,,
,10/27/2017,B1,"4,817",6517,3.34,0,42,ST,"58,240","54,610",93.77%,"54,610"
,,,,,,,,,,,,
,10/27/2017,B1,"4,822",6520,2.67,0,34,ST,"28,800","27,018",93.81%,"27,018"
,,,,,,,,,,,,
,10/27/2017,B3,"4,828",6528,1.96,0,28,HO,"49,860","48,079",96.43%,"48,079"
,,,,,,,,,,,,
,10/27/2017,B5,"4,832",6532,3.9,0,37,ST,"51,380","48,446",94.29%,"48,010"
,,,,,,,,,,,,
,10/28/2017,B5,"4,834",6535,4.89,0,35,ST,"42,460","41,455",97.63%,"40,672"
,,,,,,,,,,,,
,10/28/2017,B4,"4,836",6537,4.15,0,37,ST,"49,380","45,914",92.98%,"45,386"
,,,,,,,,,,,,
,10/28/2017,B4,"4,836",6541,4.15,0,37,ST,"52,680","48,982",92.98%,"48,419"
,,,,,,,,,,,,
,Total For Grower:,,,,,0,37,,"739,720","699,585",94.57%,"693,648"
,,,,,,,,,,,,
,,,,,,,,,,,,
,Hann03,,,,,,,,,,,
,,,,,,,,,,,,
,,,,,,,,,,,,
,9/29/2017,MEL A6,"4,434",6043,2.5,0,30,BL,"50,500","48,576",96.19%,"48,576"
,,,,,,,,,,,,
,10/10/2017,B3,"4,528",6155,2.2,0,42,EB,"52,260","49,135",94.02%,"49,135"
,,,,,,,,,,,,
,10/10/2017,B2,"4,531",6160,1.12,0,55,EB,"48,060","45,457",94.58%,"45,457"
,,,,,,,,,,,,
,10/10/2017,B2,"4,532",6163,0.44,0,58,EB,"57,440","54,248",94.44%,"54,248"
,,,,,,,,,,,,
,10/10/2017,B4,"4,533",6165,1.14,0,41,BL,"19,460","18,532",95.23%,"18,532"
,,,,,,,,,,,,
,10/11/2017,B1,"4,535",6170,1.7,0,20,ST,"23,880","23,272",97.45%,"23,272"
,,,,,,,,,,,,
,10/11/2017,B5a,"4,537",6173,2.35,0,42,BL,"48,880","47,266",96.70%,"47,266"
,,,,,,,,,,,,
,10/11/2017,B5a,"4,540",6175,2.3,0,33,BL,"52,520","50,846",96.81%,"50,846"
,,,,,,,,,,,,
,10/11/2017,MEL A1,"4,544",6182,2.26,0,23,ST,"49,400","46,327",93.78%,"46,327"
,,,,,,,,,,,,
,10/11/2017,MEL A1,"4,544",6186,2.26,0,23,ST,"15,620","14,648",93.78%,"14,648"
,,,,,,,,,,,,
,10/11/2017,MEL A2,"4,551",6190,2.47,0,37,ST,"49,040","45,767",93.33%,"45,767"
,,,,,,,,,,,,
,10/12/2017,MEL A2,"4,551",6191,2.47,0,37,ST,"44,620","41,642",93.33%,"41,642"
,,,,,,,,,,,,
,10/12/2017,MEL A3,"4,558",6200,2.1,0,22,ST,"49,900","47,995",96.18%,"47,995"
,,,,,,,,,,,,
,10/12/2017,MEL A3,"4,558",6204,2.1,0,22,ST,"27,200","26,162",96.18%,"26,162"
,,,,,,,,,,,,
,Total For Grower:,,,,,0,36,,"588,780","559,873",95.09%,"559,873"
,,,,,,,,,,,,
,,,,,,,,,,,,
,Harj01,,,,,,,,,,,
,,,,,,,,,,,,
,,,,,,,,,,,,
,10/6/2017,BRUF#2,"4,494",6112,1.5,0,36,EB,"41,240","38,203",92.64%,"38,203"
,,,,,,,,,,,,
,10/6/2017,BRUF#7,"4,498",6117,1.5,0,20,EB,"42,940","41,042",95.58%,"41,042"
,,,,,,,,,,,,
,10/6/2017,BRUF#6,"4,502",6121,0.65,0,37,EB,"23,840","22,129",92.82%,"22,129"
,,,,,,,,,,,,
,10/11/2017,BYR 12,"4,541",6178,2.29,0,26,ST,"44,680","41,861",93.69%,"41,861"
,,,,,,,,,,,,
,10/11/2017,BYR 12,"4,541",6180,2.29,0,26,ST,"51,780","48,513",93.69%,"48,513"
,,,,,,,,,,,,
,10/11/2017,BYR 12,"4,541",6185,2.29,0,26,ST,"44,800","41,973",93.69%,"41,973"
,,,,,,,,,,,,
,10/11/2017,BYR 13,"4,549",6188,6.39,0,27,ST,"50,180","46,525",92.72%,"44,948"
,,,,,,,,,,,,
,10/12/2017,BYR 13,"4,554",6194,2.21,0,24,ST,"35,920","32,366",90.11%,"32,366"
,,,,,,,,,,,,
,10/12/2017,BYR 13,"4,554",6195,2.21,0,24,ST,"42,920","38,673",90.11%,"38,673"
,,,,,,,,,,,,
,10/12/2017,BYRN10,"4,561",6203,1.5,0,23,ST,"51,760","47,048",90.90%,"47,048"
,,,,,,,,,,,,
,10/12/2017,BYRN10,"4,563",6207,1.43,0,23,ST,"43,980","40,388",91.83%,"40,388"
,,,,,,,,,,,,
,10/12/2017,BYRN10,"4,563",6211,1.43,0,23,ST,"46,720","42,904",91.83%,"42,904"
,,,,,,,,,,,,
,10/12/2017,BYR 14,"4,568",6217,5.85,0,27,ST,"42,520","37,987",89.34%,"36,904"
,,,,,,,,,,,,
,10/13/2017,BYR 14,"4,571",6220,4.19,0,23,ST,"50,880","43,011",84.53%,"42,499"
,,,,,,,,,,,,
,10/13/2017,BYRN11,"4,572",6221,3.02,0,23,ST,"50,800","46,995",92.51%,"46,986"
,,,,,,,,,,,,
,10/13/2017,BYRN11,"4,578",6227,2.18,0,24,ST,"45,280","42,203",93.21%,"42,203"
,,,,,,,,,,,,
,10/13/2017,BYRN11,"4,578",6228,2.18,0,24,ST,"41,080","38,289",93.21%,"38,289"
,,,,,,,,,,,,
,10/13/2017,BYRNE9,"4,582",6234,0.93,0,27,ST,"45,260","40,737",90.01%,"40,737"
,,,,,,,,,,,,
,10/13/2017,BYRNE9,"4,587",6239,3.3,0,37,ST,"51,180","46,649",91.15%,"46,509"
,,,,,,,,,,,,
,10/13/2017,BYRNE9,"4,589",6241,2.82,0,25,ST,"40,280","35,877",89.07%,"35,877"
,,,,,,,,,,,,
,10/16/2017,BYRNE8,"4,624",6284,2.93,0,22,ST,"51,360","45,306",88.21%,"45,306"
,,,,,,,,,,,,
,10/16/2017,BYRNE8,"4,627",6288,1.49,0,25,ST,"45,400","40,259",88.68%,"40,259"
,,,,,,,,,,,,
,10/16/2017,BYRNE7,"4,635",6297,4.36,0,28,ST,"51,100","45,351",88.75%,"44,735"
,,,,,,,,,,,,
,10/16/2017,BYRNE7,"4,635",6300,4.36,0,28,ST,"44,600","39,583",88.75%,"39,044"
,,,,,,,,,,,,
,10/17/2017,BYRNE7,"4,648",6310,3.7,0,28,ST,"41,420","36,916",89.13%,"36,658"
,,,,,,,,,,,,
,10/17/2017,BYRNE6,"4,657",6320,2.17,0,22,ST,"51,660","47,359",91.67%,"47,359"
,,,,,,,,,,,,
,10/17/2017,BYRNE6,"4,662",6325,4.3,0,25,ST,"44,900","39,891",88.84%,"39,372"
,,,,,,,,,,,,
,Harj01,,,,,,,,,,,
,,,,,,,,,,,,
,,,,,,,,,,,,
,10/17/2017,BYRNE5,"4,667",6330,1.05,0,22,ST,"54,340","48,806",89.82%,"48,806"
,,,,,,,,,,,,
,10/17/2017,BYRNE5,"4,672",6336,3.56,0,26,ST,"51,580","46,112",89.40%,"45,854"
,,,,,,,,,,,,
,10/18/2017,BYRNE4,"4,680",6344,3.05,0,23,ST,"44,180","39,561",89.55%,"39,541"
,,,,,,,,,,,,
,10/18/2017,BYRNE3,"4,687",6351,3.37,0,22,ST,"51,540","46,202",89.64%,"46,031"
,,,,,,,,,,,,
,10/18/2017,BYRNE3,"4,687",6356,3.37,0,22,ST,"53,380","47,851",89.64%,"47,674"
,,,,,,,,,,,,
,10/18/2017,BYRNE3,"4,687",6358,3.37,0,22,ST,"21,460","19,237",89.64%,"19,166"
,,,,,,,,,,,,
,10/19/2017,BRUF#3,"4,702",6370,1.03,0,30,HO,"27,300","24,867",91.09%,"24,867"
,,,,,,,,,,,,
,10/19/2017,BRUF#1,"4,703",6371,2.94,0,32,MX,"41,820","39,319",94.02%,"39,319"
,,,,,,,,,,,,
,10/19/2017,BYRNE1,"4,707",6375,4.43,0,26,ST,"55,300","49,332",89.21%,"48,626"
,,,,,,,,,,,,
,10/19/2017,BYRNE1,"4,707",6379,4.43,0,26,ST,"51,200","45,674",89.21%,"45,021"
,,,,,,,,,,,,
,10/19/2017,BYRNE2,"4,720",6391,4.55,0,28,ST,"43,840","38,080",86.86%,"37,490"
,,,,,,,,,,,,
,10/19/2017,BYRNE2,"4,720",6395,4.55,0,28,ST,"50,660","44,005",86.86%,"43,322"
,,,,,,,,,,,,
,10/20/2017,BYRNE2,"4,732",6405,5.23,0,22,ST,"42,360","38,121",89.99%,"37,271"
,,,,,,,,,,,,
,Total For Grower:,,,,,0,26,,"1,807,440","1,635,205",90.47%,"1,625,774"
,,,,,,,,,,,,
,,,,,,,,,,,,
,Jenn01,,,,,,,,,,,
,,,,,,,,,,,,
,,,,,,,,,,,,
,10/24/2017,3,"4,792",6485,1.03,0,28,ST,"43,280","40,727",94.10%,"40,727"
,,,,,,,,,,,,
,10/24/2017,3,"4,792",6487,1.03,0,28,ST,"12,240","11,518",94.10%,"11,518"
,,,,,,,,,,,,
,10/28/2017,2,"4,837",6538,1.67,0,27,ST,"48,200","46,200",95.85%,"46,200"
,,,,,,,,,,,,
,10/28/2017,2,"4,837",6540,1.67,0,27,ST,"31,920","30,596",95.85%,"30,596"
,,,,,,,,,,,,
,10/30/2017,1,"4,843",6555,2.09,0,23,HO,"35,700","32,006",89.65%,"32,006"
,,,,,,,,,,,,
,Total For Grower:,,,,,0,27,,"171,340","161,047",93.99%,"161,047"
,,,,,,,,,,,,
,,,,,,,,,,,,
,John04,,,,,,,,,,,
,,,,,,,,,,,,
,,,,,,,,,,,,
,10/13/2017,Fos04,"4,588",6240,2.81,0,23,ST,"47,940","44,420",92.66%,"44,420"
,,,,,,,,,,,,
,10/14/2017,Fos05,"4,594",6243,3.05,0,26,ST,"12,620","11,317",89.68%,"11,317"
,,,,,,,,,,,,
,10/17/2017,Fos08,"4,649",6311,1.6,0,25,ST,"49,240","46,946",95.34%,"46,946"
,,,,,,,,,,,,
,10/17/2017,Fos08,"4,655",6316,1.7,0,23,ST,"34,160","32,400",94.85%,"32,400"
,,,,,,,,,,,,
,10/17/2017,Fos08,"4,659",6322,2.5,0,20,ST,"26,420","24,923",94.33%,"24,923"
,,,,,,,,,,,,
,10/17/2017,Fos08,"4,663",6326,2.04,0,28,ST,"26,360","25,125",95.31%,"25,125"
,,,,,,,,,,,,
,10/19/2017,Fos09,"4,704",6372,3.8,0,32,ST,"54,440","50,920",93.53%,"50,920"
,,,,,,,,,,,,
,10/19/2017,Fos09,"4,711",6380,5.29,0,30,ST,"58,620","55,260",94.27%,"55,260"
,,,,,,,,,,,,
,10/19/2017,Fos09,"4,714",6384,3.63,0,25,ST,"34,440","32,930",95.62%,"32,930"
,,,,,,,,,,,,
,10/19/2017,Fos09,"4,719",6390,0.35,0,28,ST,"29,560","28,169",95.29%,"28,169"
,,,,,,,,,,,,
,10/19/2017,Fos09,"4,723",6394,1.84,0,22,ST,"57,540","54,812",95.26%,"54,812"
,,,,,,,,,,,,
,10/20/2017,Fos09,"4,730",6403,1,0,28,ST,"27,140","25,859",95.28%,"25,859"
,,,,,,,,,,,,
,10/20/2017,Fos06,"4,735",6409,1,0,25,ST,"56,540","54,084",95.66%,"54,084"
,,,,,,,,,,,,
,10/20/2017,Fos06,"4,736",6412,1.8,0,25,ST,"33,120","31,099",93.90%,"31,099"
,,,,,,,,,,,,
,10/20/2017,Fos06,"4,741",6418,0.74,0,30,ST,"38,160","35,843",93.93%,"35,843"
,,,,,,,,,,,,
,10/23/2017,Fos07,"4,766",6453,2.21,0,30,ST,"57,620","53,534",92.91%,"53,534"
,,,,,,,,,,,,
,10/23/2017,Fos07,"4,770",6458,1.48,0,28,ST,"34,600","32,857",94.96%,"32,857"
,,,,,,,,,,,,
,10/23/2017,Fos07,"4,772",6461,1.43,0,33,ST,"35,720","33,225",93.02%,"33,225"
,,,,,,,,,,,,
,10/24/2017,Fos04,"4,784",6472,1.85,0,38,ST,"57,720","55,312",95.83%,"55,312"
,,,,,,,,,,,,
,10/24/2017,Fos04,"4,784",6475,1.85,0,38,ST,"33,680","32,275",95.83%,"32,275"
,,,,,,,,,,,,
,10/24/2017,Fos04,"4,789",6480,2.05,0,38,ST,"31,260","29,227",93.50%,"29,227"
,,,,,,,,,,,,
,Total For Grower:,,,,,0,29,,"836,900","790,537",94.46%,"790,537"
,,,,,,,,,,,,
,,,,,,,,,,,,
,John05,,,,,,,,,,,
,,,,,,,,,,,,
,,,,,,,,,,,,
,10/12/2017,Full01,"4,555",6197,3.7,0,41,BL,"53,780","51,459",95.68%,"51,099"
,,,,,,,,,,,,
,10/12/2017,Full01,"4,556",6198,1.83,0,30,BL,"33,700","31,339",92.99%,"31,339"
,,,,,,,,,,,,
,10/12/2017,Full01,"4,564",6208,4.13,0,42,BL,"60,180","56,278",93.52%,"55,642"
,,,,,,,,,,,,
,10/12/2017,Full01,"4,564",6210,4.13,0,42,BL,"34,680","32,432",93.52%,"32,065"
,,,,,,,,,,,,
,11/3/2017,Pur01,"4,882",6604,4.1,0,49,ST,"42,280","39,149",92.59%,"38,718"
,,,,,,,,,,,,
,11/4/2017,Pur01,"4,889",6615,1.33,0,37,ST,"23,000","21,487",93.42%,"21,487"
,,,,,,,,,,,,
,Total For Grower:,,,,,0,41,,"247,620","232,144",93.75%,"230,351"
,,,,,,,,,,,,
,,,,,,,,,,,,
,Liff01,,,,,,,,,,,
,,,,,,,,,,,,
,,,,,,,,,,,,
,10/21/2017,3,"4,752",6431,3.94,0,47,EB,"17,980","16,108",89.59%,"15,956"
,,,,,,,,,,,,
,10/21/2017,3,"4,752",6432,3.94,0,47,EB,"7,880","7,059",89.59%,"6,993"
,,,,,,,,,,,,
,10/23/2017,4,"4,771",6460,7.1,0,35,MX,"15,320","13,187",86.08%,"12,646"
,,,,,,,,,,,,
,10/30/2017,1,"4,841",6553,8,0,28,HO,"32,720","28,955",88.49%,"27,507"
,,,,,,,,,,,,
,10/30/2017,2,"4,842",6554,11.77,0,35,ST,"16,480","14,681",89.08%,"13,393"
,,,,,,,,,,,,
,Total For Grower:,,,,,0,36,,"90,380","79,990",88.50%,"76,496"
,,,,,,,,,,,,
,,,,,,,,,,,,
,Medi01,,,,,,,,,,,
,,,,,,,,,,,,
,,,,,,,,,,,,
,10/7/2017,A2,"4,508",6127,1.5,0,37,MX,"28,180","26,846",95.27%,"26,846"
,,,,,,,,,,,,
,10/7/2017,A2,"4,509",6129,1.54,0,48,EB,"20,940","20,334",97.11%,"20,334"
,,,,,,,,,,,,
,10/7/2017,A2,"4,515",6136,2.87,0,35,EB,"12,800","12,237",95.60%,"12,237"
,,,,,,,,,,,,
,10/9/2017,A6,"4,518",6139,1.51,0,25,EB,"22,200","21,240",95.68%,"21,240"
,,,,,,,,,,,,
,10/9/2017,A6,"4,524",6150,0.85,0,32,EB,"28,940","27,735",95.84%,"27,735"
,,,,,,,,,,,,
,10/9/2017,A6,"4,524",6151,0.85,0,32,EB,"16,060","15,392",95.84%,"15,392"
,,,,,,,,,,,,
,10/10/2017,A8,"4,526",6153,1.43,0,26,EB,"27,520","25,890",94.08%,"25,890"
,,,,,,,,,,,,
,10/11/2017,A7,"4,542",6179,1.61,0,24,ST,"23,080","22,029",95.45%,"22,029"
,,,,,,,,,,,,
,10/11/2017,A1,"4,550",6189,2.48,0,23,SN,"19,840","18,446",92.97%,"18,446"
,,,,,,,,,,,,
,10/24/2017,A9,"4,794",6488,4.1,0,30,HO,"17,320","16,142",93.20%,"15,964"
,,,,,,,,,,,,
,Total For Grower:,,,,,0,31,,"216,880","206,291",95.12%,"206,113"
,,,,,,,,,,,,
,,,,,,,,,,,,
,Mere01,,,,,,,,,,,
,,,,,,,,,,,,
,,,,,,,,,,,,
,11/6/2017,Big#1,"4,900",6629,5.3,0,37,ST,"48,120","44,536",92.55%,"44,536"
,,,,,,,,,,,,
,11/7/2017,Big#1,"4,902",6631,1.83,0,38,ST,"39,480","37,253",94.36%,"37,253"
,,,,,,,,,,,,
,Total For Grower:,,,,,0,37,,"87,600","81,789",93.37%,"81,789"
,,,,,,,,,,,,
,,,,,,,,,,,,
,Morr02,,,,,,,,,,,
,,,,,,,,,,,,
,,,,,,,,,,,,
,10/16/2017,Thomst,"4,630",6292,5,0,17,ST,"29,020","26,229",90.38%,"25,704"
,,,,,,,,,,,,
,Total For Grower:,,,,,0,17,,"29,020","26,229",90.38%,"25,704"
,,,,,,,,,,,,
,,,,,,,,,,,,
,Norr01,,,,,,,,,,,
,,,,,,,,,,,,
,,,,,,,,,,,,
,10/13/2017,B-3,"4,574",6223,1.18,0,26,ST,"39,440","38,344",97.22%,"38,344"
,,,,,,,,,,,,
,10/13/2017,B-5,"4,584",6236,0.5,0,24,ST,"39,420","38,138",96.75%,"38,138"
,,,,,,,,,,,,
,10/14/2017,B-4,"4,592",6246,0.98,0,24,ST,"38,500","37,166",96.54%,"37,166"
,,,,,,,,,,,,
,10/14/2017,B-4,"4,598",6252,1.04,0,26,ST,"18,500","17,932",96.93%,"17,932"
,,,,,,,,,,,,
,10/14/2017,B-2,"4,610",6264,2.3,0,27,ST,"40,500","38,445",94.93%,"38,445"
,,,,,,,,,,,,
,10/14/2017,B-1,"4,612",6268,1.53,0,29,ST,"37,120","35,550",95.77%,"35,550"
,,,,,,,,,,,,
,10/16/2017,B-1,"4,622",6282,1.49,0,22,ST,"22,520","21,763",96.64%,"21,763"
,,,,,,,,,,,,
,10/16/2017,B-0,"4,637",6299,1.3,0,36,ST,"24,120","23,430",97.14%,"23,430"
,,,,,,,,,,,,
,10/17/2017,A-13,"4,665",6328,0.92,0,40,EB,"39,500","36,415",92.19%,"36,415"
,,,,,,,,,,,,
,10/19/2017,A-12,"4,716",6386,1.76,0,33,MX,"37,680","35,730",94.82%,"35,730"
,,,,,,,,,,,,
,10/21/2017,A-7,"4,756",6436,1.81,0,31,EB,"21,740","20,546",94.51%,"20,546"
,,,,,,,,,,,,
,10/21/2017,A-11,"4,758",6441,2.82,0,24,ST,"6,120","5,784",94.51%,"5,784"
,,,,,,,,,,,,
,10/23/2017,A-8,"4,776",6464,3.14,0,25,ST,"37,640","36,296",96.43%,"36,296"
,,,,,,,,,,,,
,10/24/2017,A-9,"4,787",6477,1.28,0,22,HO,"37,340","35,383",94.76%,"35,383"
,,,,,,,,,,,,
,10/27/2017,A-3,"4,821",6519,4.54,0,40,MX,"30,000","27,323",91.08%,"26,902"
,,,,,,,,,,,,
,Total For Grower:,,,,,0,29,,"470,140","448,245",95.34%,"447,824"
,,,,,,,,,,,,
,,,,,,,,,,,,
,Paqu03,,,,,,,,,,,
,,,,,,,,,,,,
,,,,,,,,,,,,
,10/2/2017,COL2AC,"4,440",6050,4.5,0,30,EB,"8,260","7,548",91.38%,"7,435"
,,,,,,,,,,,,
,Total For Grower:,,,,,0,30,,"8,260","7,548",91.38%,"7,435"
,,,,,,,,,,,,
,,,,,,,,,,,,
,Paqu04,,,,,,,,,,,
,,,,,,,,,,,,
,,,,,,,,,,,,
,10/16/2017,LP4,"4,616",6276,2.62,0,27,ST,"10,600","9,937",93.75%,"9,937"
,,,,,,,,,,,,
,10/17/2017,LP5,"4,645",6307,2.88,0,24,ST,"7,920","7,820",98.74%,"7,820"
,,,,,,,,,,,,
,Total For Grower:,,,,,0,26,,"18,520","17,757",95.88%,"17,757"
,,,,,,,,,,,,
,,,,,,,,,,,,
,Paqu05,,,,,,,,,,,
,,,,,,,,,,,,
,,,,,,,,,,,,
,10/21/2017,PH1,"4,750",6429,2.69,0,34,ST,"12,820","12,022",93.78%,"12,022"
,,,,,,,,,,,,
,10/23/2017,PH4,"4,763",6451,7.07,0,27,ST,"7,640","7,259",95.01%,"6,964"
,,,,,,,,,,,,
,Total For Grower:,,,,,0,31,,"20,460","19,281",94.24%,"18,986"
,,,,,,,,,,,,
,,,,,,,,,,,,
,Perr03,,,,,,,,,,,
,,,,,,,,,,,,
,,,,,,,,,,,,
,11/10/2017,2,"4,912",6646,1.25,0,35,BL,"31,240","29,182",93.41%,"29,182"
,,,,,,,,,,,,
,Total For Grower:,,,,,0,35,,"31,240","29,182",93.41%,"29,182"
,,,,,,,,,,,,
,,,,,,,,,,,,
,Pime01,,,,,,,,,,,
,,,,,,,,,,,,
,,,,,,,,,,,,
,10/4/2017,house,"4,474",6089,3.9,0,45,EB,"18,240","17,151",94.03%,"16,997"
,,,,,,,,,,,,
,10/4/2017,house,"4,478",6093,1.97,0,44,BL,"7,620","6,609",86.73%,"6,609"
,,,,,,,,,,,,
,Total For Grower:,,,,,0,45,,"25,860","23,760",91.88%,"23,606"
,,,,,,,,,,,,
,,,,,,,,,,,,
,Pink01,,,,,,,,,,,
,,,,,,,,,,,,
,,,,,,,,,,,,
,9/29/2017,BShant,"4,438",6048,3.5,0,27,EB,"17,580","16,254",92.46%,"16,173"
,,,,,,,,,,,,
,9/29/2017,BShant,"4,439",6049,4.45,0,23,EB,"16,620","15,202",91.47%,"14,982"
,,,,,,,,,,,,
,10/2/2017,3House,"4,448",6060,4.5,0,28,EB,"15,960","15,151",94.93%,"14,924"
,,,,,,,,,,,,
,10/3/2017,3House,"4,454",6066,1.97,0,35,EB,"16,520","15,854",95.97%,"15,854"
,,,,,,,,,,,,
,10/3/2017,Ramp,"4,462",6075,1.5,0,24,EB,"12,940","12,393",95.77%,"12,393"
,,,,,,,,,,,,
,10/4/2017,Center,"4,473",6087,2.8,0,25,EB,"17,080","15,623",91.47%,"15,623"
,,,,,,,,,,,,
,10/4/2017,Center,"4,476",6091,2.4,0,29,EB,"15,860","14,558",91.79%,"14,558"
,,,,,,,,,,,,
,10/4/2017,Center,"4,481",6097,3.19,0,28,EB,"15,060","13,861",92.04%,"13,861"
,,,,,,,,,,,,
,10/5/2017,Reserv,"4,489",6106,1.35,0,30,EB,"15,560","14,955",96.11%,"14,955"
,,,,,,,,,,,,
,10/6/2017,road,"4,499",6118,1.3,0,40,EB,"13,040","12,362",94.80%,"12,362"
,,,,,,,,,,,,
,10/7/2017,field,"4,510",6131,0.85,0,45,EB,"14,740","13,895",94.27%,"13,895"
,,,,,,,,,,,,
,10/7/2017,field,"4,513",6134,0.72,0,34,EB,"4,660","4,468",95.88%,"4,468"
,,,,,,,,,,,,
,10/12/2017,CHER01,"4,562",6205,2.21,0,28,MX,"16,960","15,394",90.77%,"15,394"
,,,,,,,,,,,,
,10/13/2017,CHER02,"4,573",6222,2.6,0,17,HO,"17,600","16,246",92.31%,"16,246"
,,,,,,,,,,,,
,10/16/2017,CHER03,"4,631",6293,3,0,21,HO,"16,320","14,949",91.60%,"14,949"
,,,,,,,,,,,,
,10/17/2017,Blue,"4,647",6309,2.21,0,19,HO,"7,200","6,563",91.15%,"6,563"
,,,,,,,,,,,,
,10/17/2017,Canal,"4,658",6321,3.3,0,20,HO,"16,680","15,892",95.28%,"15,844"
,,,,,,,,,,,,
,10/17/2017,Swamp,"4,669",6333,0.76,0,26,HO,"17,740","16,703",94.15%,"16,703"
,,,,,,,,,,,,
,10/18/2017,Orig.,"4,681",6345,3.57,0,27,HO,"8,820","8,161",92.53%,"8,114"
,,,,,,,,,,,,
,10/18/2017,Mil#1,"4,688",6353,5.64,0,24,ST,"17,120","15,715",91.79%,"15,300"
,,,,,,,,,,,,
,10/18/2017,Mil#2,"4,692",6359,1.87,0,30,ST,"16,060","14,832",92.35%,"14,832"
,,,,,,,,,,,,
,10/19/2017,Mil#3,"4,709",6377,5.37,0,20,ST,"16,580","15,392",92.83%,"15,027"
,,,,,,,,,,,,
,10/19/2017,Mil#3,"4,715",6385,5.99,0,23,ST,"15,740","14,376",91.34%,"13,946"
,,,,,,,,,,,,
,10/19/2017,Mil#3,"4,715",6396,5.99,0,23,ST,"17,120","15,637",91.34%,"15,169"
,,,,,,,,,,,,
,10/20/2017,Mil#3,"4,731",6404,1.8,0,27,ST,"15,680","14,340",91.45%,"14,340"
,,,,,,,,,,,,
,10/20/2017,Mil#3,"4,740",6417,2.63,0,41,ST,"16,600","15,157",91.31%,"15,157"
,,,,,,,,,,,,
,10/21/2017,Mil#3,"4,748",6427,3.67,0,26,ST,"8,000","7,247",90.59%,"7,198"
,Total For Grower:,,,,,0,27,,"399,840","371,180",92.83%,"368,831"
,,,,,,,,,,,,
,,,,,,,,,,,,
,Prat01,,,,,,,,,,,
,,,,,,,,,,,,
,,,,,,,,,,,,
,10/17/2017,Pratt,"4,660",6323,14.73,0,31,MX,"42,240","37,797",89.48%,"33,363"
,,,,,,,,,,,,
,Total For Grower:,,,,,0,31,,"42,240","37,797",89.48%,"33,363"
,,,,,,,,,,,,
,,,,,,,,,,,,
,Reze01,,,,,,,,,,,
,,,,,,,,,,,,
,,,,,,,,,,,,
,10/2/2017,Lanz 1,"4,442",6052,1.3,0,20,ST,"48,640","46,114",94.81%,"46,114"
,,,,,,,,,,,,
,10/2/2017,Lanz 8,"4,446",6056,2.45,0,35,BL,"50,380","48,378",96.03%,"48,378"
,,,,,,,,,,,,
,10/2/2017,Lanz 8,"4,446",6057,2.45,0,35,BL,"33,800","32,457",96.03%,"32,457"
,,,,,,,,,,,,
,10/3/2017,Lanz 2,"4,452",6064,2.41,0,26,ST,"51,080","48,476",94.90%,"48,476"
,,,,,,,,,,,,
,10/3/2017,Lanz 2,"4,453",6065,2.2,0,30,ST,"22,720","22,118",97.35%,"22,118"
,,,,,,,,,,,,
,10/3/2017,Lanz 6,"4,457",6069,2.25,0,24,BL,"51,660","49,776",96.35%,"49,776"
,,,,,,,,,,,,
,10/3/2017,Lanz 6,"4,457",6071,2.25,0,24,BL,"23,160","22,315",96.35%,"22,315"
,,,,,,,,,,,,
,10/3/2017,Lanz 5,"4,466",6079,1.34,0,39,BL,"36,580","35,664",97.50%,"35,664"
,,,,,,,,,,,,
,10/4/2017,Lanz 3,"4,472",6086,2.55,0,32,ST,"52,840","50,210",95.02%,"50,210"
,,,,,,,,,,,,
,10/4/2017,Lanz 3,"4,472",6088,2.55,0,32,ST,"25,740","24,459",95.02%,"24,459"
,,,,,,,,,,,,
,10/4/2017,Lanz 7,"4,480",6096,1.62,0,46,BL,"51,040","49,504",96.99%,"49,504"
,,,,,,,,,,,,
,10/4/2017,Lanz 7,"4,483",6099,1.61,0,58,BL,"50,880","48,253",94.84%,"48,253"
,,,,,,,,,,,,
,10/5/2017,Lanz 4,"4,487",6104,2.1,0,50,BL,"52,240","50,147",95.99%,"50,147"
,,,,,,,,,,,,
,10/5/2017,Lanz 4,"4,488",6105,0.84,0,43,BL,"38,500","36,969",96.02%,"36,969"
,,,,,,,,,,,,
,10/5/2017,Ell 7,"4,491",6108,2.5,0,20,ST,"46,400","42,928",92.52%,"42,928"
,,,,,,,,,,,,
,10/5/2017,Ell 7,"4,491",6109,2.5,0,20,ST,"7,240","6,698",92.52%,"6,698"
,,,,,,,,,,,,
,10/6/2017,Ell 6,"4,496",6114,1.47,0,26,ST,"35,580","34,624",97.31%,"34,624"
,,,,,,,,,,,,
,10/6/2017,Ell 5,"4,500",6119,0.45,0,23,ST,"47,340","46,325",97.86%,"46,325"
,,,,,,,,,,,,
,10/6/2017,Ell 5,"4,503",6122,1.02,0,28,ST,"52,320","50,556",96.63%,"50,556"
,,,,,,,,,,,,
,10/7/2017,Lyon 4,"4,507",6126,1.4,0,29,ST,"50,840","49,203",96.78%,"49,203"
,,,,,,,,,,,,
,10/7/2017,Lyon 4,"4,507",6128,1.4,0,29,ST,"47,520","45,990",96.78%,"45,990"
,,,,,,,,,,,,
,10/7/2017,Lyon 4,"4,507",6130,1.4,0,29,ST,"24,160","23,382",96.78%,"23,382"
,,,,,,,,,,,,
,10/7/2017,Lyon 3,"4,512",6133,0.84,0,24,ST,"49,220","47,521",96.55%,"47,521"
,,,,,,,,,,,,
,10/7/2017,Lyon 3,"4,516",6137,1.12,0,28,ST,"51,820","50,379",97.22%,"50,379"
,,,,,,,,,,,,
,10/7/2017,Lyon 3,"4,517",6138,1.18,0,30,ST,"23,700","23,103",97.48%,"23,103"
,,,,,,,,,,,,
,10/9/2017,Lyon 2,"4,521",6141,1.7,0,25,ST,"52,640","50,440",95.82%,"50,440"
,,,,,,,,,,,,
,10/9/2017,Lyon 2,"4,521",6144,1.7,0,25,ST,"47,460","45,476",95.82%,"45,476"
,,,,,,,,,,,,
,Reze01,,,,,,,,,,,
,,,,,,,,,,,,
,,,,,,,,,,,,
,10/9/2017,Lyon 2,"4,521",6147,1.7,0,25,ST,"20,580","19,720",95.82%,"19,720"
,,,,,,,,,,,,
,10/9/2017,Lyon 2,"4,523",6146,1.9,0,23,ST,"55,340","52,791",95.39%,"52,791"
,,,,,,,,,,,,
,10/9/2017,Ell 1,"4,525",6152,2,0,24,HO,"47,020","45,209",96.15%,"45,209"
,,,,,,,,,,,,
,10/10/2017,Ell 4,"4,529",6157,2.4,0,37,BL,"57,640","55,494",96.28%,"55,494"
,,,,,,,,,,,,
,10/10/2017,Ell 4,"4,529",6159,2.4,0,37,BL,"42,600","41,014",96.28%,"41,014"
,,,,,,,,,,,,
,10/10/2017,Lyon 1,"4,534",6166,4.92,0,23,ST,"48,860","41,435",84.80%,"40,639"
,,,,,,,,,,,,
,10/10/2017,Lyon 1,"4,534",6168,4.92,0,23,ST,"22,180","18,809",84.80%,"18,448"
,,,,,,,,,,,,
,10/11/2017,Lyon 1,"4,534",6171,4.92,0,23,ST,"19,560","16,588",84.80%,"16,269"
,,,,,,,,,,,,
,10/11/2017,Ell 3,"4,538",6174,2.62,0,24,BL,"32,780","31,423",95.86%,"31,423"
,,,,,,,,,,,,
,10/11/2017,Ell 2,"4,543",6181,0.59,0,20,HO,"46,040","44,579",96.83%,"44,579"
,,,,,,,,,,,,
,Total For Grower:,,,,,0,30,,"1,518,100","1,448,526",95.42%,"1,447,051"
,,,,,,,,,,,,
,,,,,,,,,,,,
,Reze02,,,,,,,,,,,
,,,,,,,,,,,,
,,,,,,,,,,,,
,9/26/2017,#1,"4,415",6011,1.84,0,25,BL,"51,660","48,258",93.41%,"48,258"
,,,,,,,,,,,,
,9/26/2017,#1,"4,415",6012,1.84,0,25,BL,"47,100","43,998",93.41%,"43,998"
,,,,,,,,,,,,
,9/26/2017,#2,"4,416",6013,2.34,0,28,BL,"58,300","56,099",96.23%,"56,099"
,,,,,,,,,,,,
,9/26/2017,#2,"4,416",6014,2.34,0,28,BL,"37,860","36,431",96.23%,"36,431"
,,,,,,,,,,,,
,9/26/2017,#3,"4,417",6015,3.19,0,38,BL,"47,200","43,739",92.67%,"43,656"
,,,,,,,,,,,,
,9/27/2017,#3,"4,417",6016,3.19,0,38,BL,"25,000","23,167",92.67%,"23,123"
,,,,,,,,,,,,
,9/27/2017,#6,"4,418",6018,1.39,0,33,BL,"48,780","45,859",94.01%,"45,859"
,,,,,,,,,,,,
,9/27/2017,#6,"4,419",6020,1.28,0,27,BL,"58,360","54,897",94.07%,"54,897"
,,,,,,,,,,,,
,9/27/2017,#6,"4,420",6021,1.95,0,33,BL,"52,180","49,310",94.50%,"49,310"
,,,,,,,,,,,,
,9/27/2017,#6,"4,420",6022,1.95,0,33,BL,"21,700","20,507",94.50%,"20,507"
,,,,,,,,,,,,
,9/28/2017,#7,"4,422",6024,2.45,0,28,BL,"47,060","44,933",95.48%,"44,933"
,,,,,,,,,,,,
,9/28/2017,#7,"4,423",6025,3.37,0,38,BL,"53,400","50,472",94.52%,"50,285"
,,,,,,,,,,,,
,9/28/2017,#7,"4,423",6027,3.37,0,38,BL,"50,080","47,334",94.52%,"47,159"
,,,,,,,,,,,,
,9/28/2017,#7,"4,423",6028,3.37,0,38,BL,"23,040","21,777",94.52%,"21,696"
,,,,,,,,,,,,
,9/28/2017,#8,"4,427",6032,2.2,0,30,BL,"49,300","47,510",96.37%,"47,510"
,,,,,,,,,,,,
,9/28/2017,#8,"4,427",6033,2.2,0,30,BL,"56,040","54,006",96.37%,"54,006"
,,,,,,,,,,,,
,9/28/2017,#8,"4,427",6036,2.2,0,30,BL,"54,760","52,772",96.37%,"52,772"
,,,,,,,,,,,,
,9/29/2017,#4,"4,431",6039,3.31,0,27,BL,"55,280","52,533",95.03%,"52,370"
,,,,,,,,,,,,
,9/29/2017,#4,"4,431",6041,3.31,0,27,BL,"51,020","48,484",95.03%,"48,334"
,,,,,,,,,,,,
,9/29/2017,#4,"4,431",6044,3.31,0,27,BL,"54,500","51,791",95.03%,"51,631"
,,,,,,,,,,,,
,9/29/2017,#4,"4,435",6045,2.9,0,24,BL,"50,000","48,512",97.02%,"48,512"
,,,,,,,,,,,,
,9/29/2017,#8,"4,436",6046,2,0,28,BL,"1,720","1,579",91.80%,"1,579"
,,,,,,,,,,,,
,10/12/2017,#16,"4,557",6199,2.13,0,28,ST,"49,400","46,258",93.64%,"46,258"
,,,,,,,,,,,,
,10/12/2017,#16,"4,560",6202,2.4,0,26,ST,"35,140","33,380",94.99%,"33,380"
,,,,,,,,,,,,
,10/12/2017,#9,"4,566",6213,2.66,0,25,ST,"51,520","48,906",94.93%,"48,906"
,,,,,,,,,,,,
,10/12/2017,#9,"4,566",6214,2.66,0,25,ST,"41,020","38,938",94.93%,"38,938"
,,,,,,,,,,,,
,10/13/2017,#5A,"4,577",6226,2.39,0,21,ST,"51,900","50,308",96.93%,"50,308"
,,,,,,,,,,,,
,Reze02,,,,,,,,,,,
,,,,,,,,,,,,
,,,,,,,,,,,,
,10/13/2017,#5A,"4,577",6230,2.39,0,21,ST,"47,740","46,275",96.93%,"46,275"
,,,,,,,,,,,,
,10/13/2017,#5A,"4,577",6233,2.39,0,21,ST,"15,080","14,617",96.93%,"14,617"
,,,,,,,,,,,,
,10/13/2017,#5A,"4,581",6232,2.9,0,26,ST,"54,060","51,337",94.96%,"51,337"
,,,,,,,,,,,,
,10/13/2017,#15,"4,590",6242,1.84,0,23,ST,"54,640","53,235",97.43%,"53,235"
,,,,,,,,,,,,
,10/14/2017,#15,"4,590",6245,1.84,0,23,ST,"50,600","49,299",97.43%,"49,299"
,,,,,,,,,,,,
,10/14/2017,#15,"4,590",6248,1.84,0,23,ST,"19,880","19,369",97.43%,"19,369"
,,,,,,,,,,,,
,10/14/2017,#10,"4,596",6250,2.4,0,31,ST,"55,640","52,545",94.44%,"52,545"
,,,,,,,,,,,,
,10/14/2017,#10,"4,601",6255,2.06,0,29,ST,"51,780","49,959",96.48%,"49,959"
,,,,,,,,,,,,
,10/14/2017,#10,"4,603",6257,1.92,0,31,ST,"47,760","44,959",94.14%,"44,959"
,,,,,,,,,,,,
,10/14/2017,#10,"4,604",6258,2.18,0,30,ST,"33,520","31,944",95.30%,"31,944"
,,,,,,,,,,,,
,10/14/2017,#14,"4,607",6261,1.27,0,49,ST,"50,460","47,664",94.46%,"47,664"
,,,,,,,,,,,,
,10/14/2017,#14,"4,609",6263,0.83,0,32,ST,"28,720","27,955",97.34%,"27,955"
,,,,,,,,,,,,
,10/14/2017,#14,"4,609",6266,0.83,0,32,ST,"30,160","29,357",97.34%,"29,357"
,,,,,,,,,,,,
,10/16/2017,#12,"4,619",6278,1.23,0,30,ST,"51,700","50,090",96.89%,"50,090"
,,,,,,,,,,,,
,10/16/2017,#12,"4,623",6283,2.54,0,26,ST,"47,300","45,754",96.73%,"45,754"
,,,,,,,,,,,,
,10/16/2017,#12,"4,623",6286,2.54,0,26,ST,"17,120","16,561",96.73%,"16,561"
,,,,,,,,,,,,
,10/16/2017,#11,"4,632",6294,1.67,0,25,ST,"46,820","45,070",96.26%,"45,070"
,,,,,,,,,,,,
,10/16/2017,#11,"4,636",6298,1.42,0,25,ST,"54,680","51,886",94.89%,"51,886"
,,,,,,,,,,,,
,10/17/2017,#11,"4,644",6306,1.96,0,23,ST,"45,520","43,156",94.81%,"43,156"
,,,,,,,,,,,,
,10/17/2017,#13,"4,653",6314,2.94,0,26,ST,"49,240","46,446",94.33%,"46,446"
,,,,,,,,,,,,
,10/17/2017,#13,"4,661",6324,2.63,0,35,ST,"60,520","54,216",89.58%,"54,216"
,,,,,,,,,,,,
,10/17/2017,#5B,"4,671",6335,1.78,0,26,MX,"53,860","50,766",94.26%,"50,766"
,,,,,,,,,,,,
,10/17/2017,#5B,"4,671",6338,1.78,0,26,MX,"47,060","44,357",94.26%,"44,357"
,,,,,,,,,,,,
,Total For Grower:,,,,,0,29,,"2,237,180","2,128,573",95.15%,"2,127,530"
,,,,,,,,,,,,
,,,,,,,,,,,,
,Rint01,,,,,,,,,,,
,,,,,,,,,,,,
,,,,,,,,,,,,
,11/2/2017,A-1,"4,873",6593,2.68,0,49,HO,"13,160","11,731",89.14%,"11,731"
,,,,,,,,,,,,
,11/3/2017,A-1,"4,881",6602,2.21,0,51,MX,"8,700","7,725",88.79%,"7,725"
,,,,,,,,,,,,
,11/7/2017,A-1,"4,903",6632,7.5,0,49,HO,"4,100","3,527",86.02%,"3,368"
,,,,,,,,,,,,
,Total For Grower:,,,,,0,50,,"25,960","22,983",88.53%,"22,824"
,,,,,,,,,,,,
,,,,,,,,,,,,
,Ross02,,,,,,,,,,,
,,,,,,,,,,,,
,,,,,,,,,,,,
,10/24/2017,LS New,"4,783",6471,3.79,0,33,ST,"16,000","15,553",97.21%,"15,553"
,,,,,,,,,,,,
,10/25/2017,LS New,"4,797",6491,3.55,0,40,ST,"28,660","26,868",93.75%,"26,868"
,,,,,,,,,,,,
,10/26/2017,LS MQ,"4,818",6513,5.4,0,44,MX,"24,300","22,404",92.20%,"21,866"
,,,,,,,,,,,,
,Total For Grower:,,,,,0,40,,"68,960","64,825",94.00%,"64,287"
,,,,,,,,,,,,
,,,,,,,,,,,,
,Ross03,,,,,,,,,,,
,,,,,,,,,,,,
,,,,,,,,,,,,
,10/28/2017,PIANO,,,,,,MX,,,,
,,,,,,,,,,,,
,Total For Grower:,,,,,,,,,,,
,,,,,,,,,,,,
,,,,,,,,,,,,
,Ross04,,,,,,,,,,,
,,,,,,,,,,,,
,,,,,,,,,,,,
,11/20/2017,#2,"4,925",6672,6.36,0,41,OH,"17,000","14,941",87.89%,"14,439"
,,,,,,,,,,,,
,Total For Grower:,,,,,0,41,,"17,000","14,941",87.89%,"14,439"
,,,,,,,,,,,,
,,,,,,,,,,,,
,Rust01,,,,,,,,,,,
,,,,,,,,,,,,
,,,,,,,,,,,,
,11/2/2017,Lamp,"4,871",6591,7.55,0,47,HO,"18,700","13,995",74.84%,"13,358"
,,,,,,,,,,,,
,Total For Grower:,,,,,0,47,,"18,700","13,995",74.84%,"13,358"
,,,,,,,,,,,,
,,,,,,,,,,,,
,Smit02,,,,,,,,,,,
,,,,,,,,,,,,
,,,,,,,,,,,,
,10/16/2017,B-1,"4,625",6285,3.25,0,63,EB,"44,460","41,934",94.32%,"41,934"
,,,,,,,,,,,,
,10/16/2017,HIGH1,"4,634",6296,3.32,0,53,EB,"32,520","29,882",91.89%,"29,882"
,,,,,,,,,,,,
,10/17/2017,LSHAW,"4,643",6305,1.5,0,33,ST,"48,500","47,374",97.68%,"47,374"
,,,,,,,,,,,,
,10/17/2017,SCR2&3,"4,674",6332,6.92,0,33,ST,"50,780","46,639",91.85%,"44,811"
,,,,,,,,,,,,
,10/18/2017,USHAW,"4,691",6357,4.67,0,30,ST,"51,080","47,319",92.64%,"46,529"
,,,,,,,,,,,,
,10/18/2017,USHAW,"4,698",6367,4,0,31,ST,"38,180","34,707",90.90%,"34,360"
,,,,,,,,,,,,
,10/18/2017,USHAW,"4,700",6362,4.68,0,48,ST,"48,280","45,568",94.38%,"44,802"
,,,,,,,,,,,,
,10/20/2017,HIGH2,"4,743",6420,1.4,0,36,ST,"49,280","45,120",91.56%,"45,120"
,,,,,,,,,,,,
,10/20/2017,HIGH3,"4,745",6424,1.6,0,43,ST,"49,640","46,459",93.59%,"46,459"
,,,,,,,,,,,,
,10/21/2017,HIGH3,"4,759",6439,2.97,0,37,ST,"49,080","46,927",95.61%,"46,927"
,,,,,,,,,,,,
,10/23/2017,M-3,"4,775",6457,3.32,0,35,ST,"50,780","47,046",92.65%,"47,046"
,,,,,,,,,,,,
,10/24/2017,2-Mar,"4,791",6484,2,0,51,ST,"49,840","47,257",94.82%,"47,257"
,,,,,,,,,,,,
,10/26/2017,4-Mar,"4,809",6504,2.98,0,42,ST,"50,080","46,271",92.39%,"46,271"
,,,,,,,,,,,,
,10/26/2017,4-Mar,"4,814",6509,4.13,0,40,ST,"49,420","46,641",94.38%,"46,114"
,,,,,,,,,,,,
,10/26/2017,4-Mar,"4,816",6511,4.24,0,34,ST,"24,780","23,407",94.46%,"23,117"
,,,,,,,,,,,,
,Total For Grower:,,,,,0,41,,"686,700","642,551",93.57%,"638,003"
,,,,,,,,,,,,
,,,,,,,,,,,,
,Wain01,,,,,,,,,,,
,,,,,,,,,,,,
,,,,,,,,,,,,
,11/14/2017,#1,"4,919",6659,1.56,0,34,ST,"32,040","29,679",92.63%,"29,679"
,,,,,,,,,,,,
,11/14/2017,#1,"4,920",6660,6.48,0,38,ST,"41,300","38,082",92.21%,"36,757"
,,,,,,,,,,,,
,11/20/2017,#2,"4,926",6674,13.11,0,46,ST,"42,580","36,628",86.02%,"32,925"
,,,,,,,,,,,,
,11/20/2017,#2,"4,926",6675,13.11,0,46,ST,"44,700","38,452",86.02%,"34,564"
,,,,,,,,,,,,
,11/20/2017,#2,"4,926",6678,13.11,0,46,ST,"45,880","39,467",86.02%,"35,476"
,,,,,,,,,,,,
,11/21/2017,#2,"4,926",6679,13.11,0,46,ST,"23,900","20,559",86.02%,"18,481"
,,,,,,,,,,,,
,11/24/2017,#1,"4,931",6690,20.87,0,33,ST,"38,540","33,592",87.16%,"27,589"
,,,,,,,,,,,,
,11/24/2017,#1,"4,931",6691,20.87,0,33,ST,"10,200","8,891",87.16%,"7,302"
,,,,,,,,,,,,
,Total For Grower:,,,,,0,41,,"279,140","245,349",87.89%,"222,773"
,,,,,,,,,,,,
,,,,,,,,,,,,
,Wain02,,,,,,,,,,,
,,,,,,,,,,,,
,,,,,,,,,,,,
,10/27/2017,DAD,"4,823",6521,4.31,0,41,ST,"19,260","17,770",92.26%,"17,537"
,,,,,,,,,,,,
,10/27/2017,DAD,"4,823",6523,4.31,0,41,ST,"20,760","19,154",92.26%,"18,903"
,,,,,,,,,,,,
,10/27/2017,DAD,"4,829",6529,6.22,0,27,ST,"12,960","11,763",90.76%,"11,384"
,,,,,,,,,,,,
,Total For Grower:,,,,,0,38,,"52,980","48,687",91.90%,"47,825"
,,,,,,,,,,,,
,,,,,,,,,,,,
,Wain03,,,,,,,,,,,
,,,,,,,,,,,,
,,,,,,,,,,,,
,11/13/2017,2,"4,916",6653,8.41,0,34,ST,"31,780","29,268",92.09%,"27,684"
,,,,,,,,,,,,
,11/13/2017,2,"4,916",6654,8.41,0,34,ST,"37,720","34,738",92.09%,"32,859"
,,,,,,,,,,,,
,11/13/2017,2,"4,918",6656,2.17,0,34,ST,"43,400","40,011",92.19%,"40,011"
,,,,,,,,,,,,
,Total For Grower:,,,,,0,34,,"112,900","104,017",92.13%,"100,554"
,,,,,,,,,,,,
,,,,,,,,,,,,
,Ward01,,,,,,,,,,,
,,,,,,,,,,,,
,,,,,,,,,,,,
,9/29/2017,Big St,"4,432",6040,1.98,0,20,ST,"46,940","45,101",96.08%,"45,101"
,,,,,,,,,,,,
,10/18/2017,EarlyB,"4,690",6355,5.16,0,47,EB,"16,360","14,693",89.81%,"14,376"
,,,,,,,,,,,,
,10/18/2017,SmalSt,"4,695",6363,0.98,0,22,ST,"17,760","17,041",95.95%,"17,041"
,,,,,,,,,,,,
,Total For Grower:,,,,,0,26,,"81,060","76,835",94.79%,"76,518"
,,,,,,,,,,,,
,,,,,,,,,,,,
,West04,,,,,,,,,,,
,,,,,,,,,,,,
,,,,,,,,,,,,
,10/19/2017,Bog#3,"4,721",6392,0.82,0,37,BL,"13,760","13,032",94.71%,"13,032"
,,,,,,,,,,,,
,Total For Grower:,,,,,0,37,,"13,760","13,032",94.71%,"13,032"
,,,,,,,,,,,,
,,,,,,,,,,,,
,Wils01,,,,,,,,,,,
,,,,,,,,,,,,
,,,,,,,,,,,,
,10/30/2017,RT 28,"4,845",6556,6.4,0,41,HO,"12,800","10,804",84.41%,"10,437"
,,,,,,,,,,,,
,Total For Grower:,,,,,0,41,,"12,800","10,804",84.41%,"10,437"
,,,,,,,,,,,,
,,,,,,,,,,,,
,Youn02,,,,,,,,,,,
,,,,,,,,,,,,
,,,,,,,,,,,,
,10/6/2017,1,"4,501",6120,0.34,0,43,BL,"20,100","19,241",95.73%,"19,241"
,,,,,,,,,,,,
,10/6/2017,1,"4,504",6123,1.67,0,41,BL,"20,080","18,978",94.51%,"18,978"
,,,,,,,,,,,,
,10/6/2017,4,"4,506",6125,2.2,0,42,EB,"20,600","19,468",94.50%,"19,468"
,,,,,,,,,,,,
,10/7/2017,23,"4,511",6132,1.8,0,40,MX,"19,300","18,418",95.43%,"18,418"
,,,,,,,,,,,,
,10/7/2017,23,"4,514",6135,0.71,0,49,MX,"6,200","5,928",95.61%,"5,928"
,,,,,,,,,,,,
,Total For Grower:,,,,,0,42,,"86,280","82,033",95.08%,"82,033"
,,,,,,,,,,,,
,Grand Total,,,,,0,31.85,,"23,365,725","21,861,186",93.56%,"21,629,604.46"
